"Electricity consumption, per capita (kWh)",1960,1961,1962,1963,1964,1965,1966,1967,1968,1969,1970,1971,1972,1973,1974,1975,1976,1977,1978,1979,1980,1981,1982,1983,1984,1985,1986,1987,1988,1989,1990,1991,1992,1993,1994,1995,1996,1997,1998,1999,2000,2001,2002,2003,2004,2005,2006,2007,2008
Albania,-,-,-,-,-,-,-,-,-,-,-,499.474374060258,533.770097819624,562.459137575571,560.596032920997,701.469121755456,862.131411457604,1013.71426134534,1042.17281428866,1009.85481413114,1083.14282484319,1065.79759289821,1040.79848293063,1016.98940723889,996.381661865789,744.20747205412,1370.52851360234,1112.60443381358,952.721522881445,977.708968020527,517.50773507142,387.110390389005,423.043470941513,492.382571481083,544.138580592608,595.605049351334,808.993605063705,613.872635017465,649.883873052516,987.309110965662,1044.85481319637,1007.543434612,1248.04704672522,1122.23249765641,1035.78551504059,1010.815315376,766.264176756276,1002.53480397153,1120.43608751697
Algeria,-,-,-,-,-,-,-,-,-,-,-,113.934407635147,120.950278599644,133.530864226775,141.977356706616,162.108428046848,181.100771896295,195.338499757824,228.416827587018,250.292823911795,263.419944240317,286.287916403102,319.618214320602,331.86215045301,361.349133241483,380.695044857771,402.633339955088,375.127347478103,394.228374662083,437.169120819244,491.058939820797,491.730120745315,521.418864961722,507.595022250612,508.6854760292,516.605472725024,525.884522134285,522.830476662866,549.804295004924,584.431886456123,611.50196025558,637.490172120542,662.979476361248,715.875858646537,734.912737037356,819.529034512728,803.543545628222,839.88410779206,888.610551951733
Angola,-,-,-,-,-,-,-,-,-,-,-,90.0597085754266,99.4265646432874,114.361467552828,143.85112534478,155.358103109645,69.0101435068514,66.541526204124,65.2389958439102,68.2163563613558,70.0270579169365,68.639976433972,71.8448021088926,75.5847312610542,62.9174405597677,74.2730387005006,72.7057823102901,71.8929825519448,71.0964238200492,70.3315283186856,71.0549091674008,73.7404494743288,72.9298918450895,71.3183553800182,70.0232627323438,68.4729262726004,71.440829533417,97.9414389271358,104.86979719488,104.27445397545,110.813855501756,123.617050397311,130.060790866572,143.148512783874,155.911459617173,178.4327042951,195.630664651011,214.201033841215,251.78549973378
Argentina,-,-,-,-,-,-,-,-,-,-,-,812.908961387658,869.655088001319,903.699110374767,931.761478456348,948.415212400333,961.264960454226,1007.63662220201,1016.39004525903,1132.81202822553,1159.29333655131,1106.81274473734,1137.02937292575,1196.21834922988,1231.4865354131,1196.75749344117,1201.43116896744,1346.53468251617,1355.29913533547,1227.60887462728,1222.30686130501,1262.51406300596,1326.63441360535,1408.22248520559,1501.02563356819,1569.0264800686,1642.64818162316,1749.7884293555,1864.96374663217,1912.28591069689,2012.93753210861,2009.90583270212,1926.64051385296,2078.69941583819,2178.12958124937,2283.68607036537,2416.73180036598,2445.50930232195,2634.49539778257
Armenia,-,-,-,-,-,-,-,-,-,-,-,-,-,-,-,-,-,-,-,-,-,-,-,-,-,-,-,-,-,-,2671.95842315008,2512.46750889242,1846.80626025099,1183.22924770313,1035.34394039335,993.74267250748,1114.32392492643,1395.8053023864,1184.47880013656,1194.2614302308,1180.47009816746,1149.63598109387,1133.65003460727,1223.52209672347,1328.39749812794,1395.53574637333,1521.58904868074,1604.11148015412,1640.80697005241
Australia,1694.20873091559,1801.46912664002,1870.18926781441,2064.91146148206,2257.78854985566,2458.61679265247,2584.8311659385,2759.70079843238,2874.58584855301,3088.10841961119,3318.95979039759,3499.84143400427,3625.30144645974,3921.51528803324,4272.96347846549,4465.05556588292,4588.51577018433,4870.7439211033,5013.60528894067,5236.38292457998,5421.92145266456,5620.8292209611,5723.68915846735,5694.66177932244,5999.83454176669,6212.679807199,6508.5831462042,6710.09174061368,7009.83032172843,7310.98691049321,7592.30694061667,7633.75404330841,7607.20218885999,7739.44599053621,7858.36840312986,7998.82484880497,8120.18639445505,8289.88328781907,8696.31888343995,8885.39314149589,9015.88948280738,9321.22415213378,9779.57930385712,9471.55818796528,9669.02318790041,10034.3402405831,10010.1502648874,10113.1648792689,10299.7266764061
Austria,1617.47475855407,1692.16088962659,1786.61086382573,1885.42240870056,2016.75293657729,2110.98839220348,2186.66172088588,2248.60916323957,2400.43642402173,2576.0392444351,2755.65369677007,2907.5364383249,3115.66860161865,3335.50886323237,3476.32873529518,3466.69279445851,3733.39367723985,3863.71581160161,4032.82974701496,4222.00846289618,4374.09576056904,4334.89884037935,4374.6081020905,4479.0883285034,4721.97461204014,4910.8176274006,4972.45895149759,5140.19126514748,5338.60756170795,5481.55307234885,5538.51588634555,5733.0060934283,5601.66176519453,5627.40606456777,5683.58563893796,5805.62872160601,5994.24177493893,6061.03520549758,6154.50852633036,6383.40780928858,6436.92104420174,6624.04664958945,6571.86877478428,6727.20770788332,6846.4467149013,7091.95329426609,7116.97152161389,7258.5715304905,7261.16423881301
Azerbaijan,-,-,-,-,-,-,-,-,-,-,-,-,-,-,-,-,-,-,-,-,-,-,-,-,-,-,-,-,-,-,2569.96476865174,2371.69066733221,1637.82180306566,1774.31376092824,1895.77287567782,1777.8406275724,1795.38647199043,1465.34750906516,1747.78554071458,1838.18296002487,1924.67347421576,1926.97435058033,1968.68229865319,2262.5108507931,2329.35964622982,2300.85136528507,2506.47404252828,1981.57001557505,1915.67062088913
Bahrain,-,-,-,-,-,-,-,-,-,-,-,1908.27465335552,1950.09098786828,2092.62816086904,2315.76287634441,2705.39319677421,3289.33242223042,3732.89331226253,3758.40811074767,4386.78049215937,4776.90351240621,4992.27223073685,5316.23559728759,5639.37611634972,4644.68499713433,5395.47507960844,5706.78466452511,5715.79201604885,5841.50590861456,5896.38512266111,5995.37240546999,5740.1729311342,6552.75428666398,6947.96712487914,7324.06517226991,7480.75303987329,7949.59864993763,7845.22396213586,8559.63216742228,8783.62607888422,8700.00154540738,9222.85539411275,9834.2340382421,10749.2240849592,11096.7829104009,11474.5098170249,13031.539984397,15087.9641476602,13532.8807221435
Bangladesh,-,-,-,-,-,-,-,-,-,-,-,9.75235484567466,9.54109986539578,13.7873411189688,14.892995875396,14.9528617183962,15.0421381245984,15.8430456063566,18.7770020492187,18.2037639123488,15.966178955513,19.2499294112457,21.792941015385,25.1449188528273,27.7065656523384,28.4955757553029,32.5010541289246,33.5821578456879,35.6777782929362,43.5673461399145,42.8296444455303,43.5148947414495,52.9713404066164,59.8387278339448,63.5092062013087,70.2387455996675,74.2443459894631,76.6304064423869,81.306167021246,88.7427858170561,95.6258718021575,105.317090086827,112.392044069449,117.993146606951,144.995183120793,154.247946509396,173.932423816963,180.84544316571,206.964249574793
Belarus,-,-,-,-,-,-,-,-,-,-,-,-,-,-,-,-,-,-,-,-,-,-,-,-,-,-,-,-,-,-,3716.79489835156,3771.72430770865,3465.47383063005,3036.78525857206,2685.64187110681,2433.35091569205,2450.20136571333,2572.88323861206,2637.75839641453,2613.84288365758,2583.53873004564,2580.12613096914,2551.59858242298,2587.91093445542,2641.95232636181,2686.95952995602,2765.48065478605,2789.78970662572,2860.16954778671
Belgium,1249.63544584206,1300.39331645901,1416.22727805259,1533.49225366526,1710.7808220348,1816.24752701601,1923.50399671848,2040.33998848951,2278.4554714384,2507.13506923133,2710.64989935462,2880.53908089946,3202.10885869957,3512.91348886881,3711.53427179099,3489.00949891779,3828.53530730812,3987.05405730111,4188.87760969307,4449.32267108527,4403.03475646911,4407.73978117007,4383.97402758418,4507.72716609575,4724.70446358812,4900.66082449129,5002.82697276359,5251.29459990679,5472.75748077701,5634.91499489268,5817.2969964822,6049.9746643681,6230.99942840772,6277.5131164514,6565.20054008164,6741.23352179355,6866.00165400424,7043.47347841676,7240.19727846546,7280.5708515967,7556.39556733308,7594.10253273542,7608.74211814038,7719.26341596759,7791.00882311218,7739.62112958334,7960.33680869388,7978.36013573993,7948.98817574208
Benin,-,-,-,-,-,-,-,-,-,-,-,11.9012773350101,13.0391789403011,20.1000449525354,18.1885913549743,19.3651833269073,20.7811528087816,22.7294479915992,49.7058556458144,26.8320775200176,29.9093329648083,34.4690615339983,18.9511102665502,39.485995530883,34.9651705993246,35.9179490373336,33.3390494241533,32.995333414393,38.5698632362552,36.0186335266501,37.2173768738197,39.1470907763273,41.5598019218852,41.4326361373321,41.0107120747886,43.340456613923,45.879083820272,49.2993531242582,46.4181109436448,53.7708540149422,60.2103179800011,63.7483807528604,70.8912082683555,67.2255729844982,73.2812686321064,77.0137658575358,76.5754353585629,78.0006075525165,79.7014686421519
Bolivia,-,-,-,-,-,-,-,-,-,-,-,170.63764792295,178.530344258446,177.812703328666,185.386890564275,192.940510948014,206.060639936203,222.690319695038,233.680540104546,243.33356548484,259.911241766211,273.437624882241,266.786802509082,260.790674019082,260.061169365337,253.123304636024,243.532452183701,242.556731086132,255.490529930462,266.273058249593,273.7072088106,287.952677299686,296.856868932556,320.091848977286,339.697674979332,358.496105648931,376.812114207002,397.046025652824,414.283121682652,427.72380663165,425.952020332114,418.00372099725,428.8447974893,430.174024331146,444.478280764351,472.207512641301,499.364208393193,542.801657434814,575.266356943088
Bosnia and Herzegovina,-,-,-,-,-,-,-,-,-,-,-,-,-,-,-,-,-,-,-,-,-,-,-,-,-,-,-,-,-,-,2297.38748986696,1468.55017051714,901.475272749402,716.181618481442,909.811151067257,972.145534058065,1145.28183079095,1349.84093152204,1505.41489820108,1372.68357191196,1452.38935763657,1542.37151183338,1629.90247312633,1699.26704045856,1702.72159529049,1750.00696536323,1731.14985721195,1708.71299095514,1753.13830220617
Botswana,-,-,-,-,-,-,-,-,-,-,-,-,-,-,-,-,-,-,-,-,-,542.669775843876,583.401484211318,603.208911180308,587.042280536529,574.761748518401,580.407862707568,582.114240642678,622.93590722282,614.461427252049,629.24663057525,684.562235557645,734.520480197585,753.518797415694,851.335690957009,861.102121420133,941.211596832246,970.539173829966,963.782510623342,1008.67693837917,1219.20877074973,1002.1250111053,1080.946056269,1130.25188040921,1452.77180580406,1520.89879063358,1555.9262315126,1906.84118596988,1965.69418936726
Brazil,-,-,-,-,-,-,-,-,-,-,-,431.598855344644,470.155742671231,523.485475005673,573.684413502019,618.046294166791,683.263538978181,749.360998466408,815.245043682573,892.069477977401,964.192723096997,966.562109360514,997.768493473927,1053.17444432016,1146.28322138981,1218.98431113631,1290.02429097208,1304.14199810553,1353.98326118227,1384.85892826398,1395.63563425913,1417.71166289878,1427.4125857358,1472.00739366509,1503.67206589239,1568.71864812683,1618.02304981429,1694.46429924275,1739.95194312283,1762.23366863562,1819.51263725709,1676.84251565543,1738.53020238334,1812.40265210951,1883.79318388571,1943.57997118672,1996.22558234771,2078.47339723021,2136.06778618642
Brunei,-,-,-,-,-,-,-,-,-,-,-,1573.97984204478,1519.70812720848,1460.61968726321,1430.72105960265,1382.88779501098,1336.65920087115,1291.97493062865,1248.77965317919,1207.60250197039,1603.78717201166,2126.59686461202,2461.99079551607,2862.45331160201,3047.23929433193,3011.23601934473,2951.89954807173,3828.91598720242,3897.86894488409,3904.06836078594,3920.57295136576,3897.24000195579,4184.1502223229,4812.75843945539,5247.6319788889,5910.14843298332,6523.51787672017,7403.35364823018,7522.25639525657,7141.55864052113,7299.69409232526,6443.70490000087,6558.64148555991,7641.74186954409,8425.86018929449,8243.48527369945,7907.72814960837,8060.7297075633,7992.77882663238
Bulgaria,-,-,-,-,-,-,-,-,-,-,-,2038.11223590286,2201.37096616217,2405.95523232406,2546.67900024716,2695.43925964098,2895.76876031478,3080.46028758368,3285.61651275246,3391.5992223423,3356.84385010145,3706.65035147085,3940.04938092225,4101.16854636732,4268.33575728156,3923.85858090497,4133.78899782001,4165.16944684761,4251.81102702342,4217.86342352744,3966.52101387583,3440.73938074645,3022.88990964492,3105.20197652843,3172.59746676028,3475.63237821215,3663.18894217467,3337.54706667706,3279.785074188,3014.89906979744,3102.30615738707,3178.61261787942,3143.56126805206,3312.75729175548,3313.45737474716,3452.27168284331,3641.36810533586,3716.84093013957,3946.50156588309
Cambodia,-,-,-,-,-,-,-,-,-,-,-,-,-,-,-,-,-,-,-,-,-,-,-,-,-,-,-,-,-,-,-,-,-,-,-,9.5738744080555,16.0309294472343,19.9476413485845,23.8133515747408,23.4538185095926,28.4819860195462,31.9856522118588,35.8237670274417,41.0402936314876,47.5587855537784,54.5696832843981,71.8355151815444,95.829134428042,113.937712656459
Cameroon,-,-,-,-,-,-,-,-,-,-,-,148.347485183932,152.141857289274,150.316090301008,167.328083979497,173.267212920775,164.772485874792,153.673478130596,154.167744529705,153.49679081419,153.923089579121,195.392854008523,219.154891057895,212.189388848052,203.499548041295,222.501633409169,207.315718781643,206.703447940652,209.206428243674,210.117972729095,199.125812469638,192.570724420668,189.33122839175,191.774851424649,168.175989687265,161.23626035925,167.12046220349,177.267310373083,174.614183106027,180.086596594404,178.518300872022,168.994812048291,159.288045916921,172.383330934605,199.587817140258,194.641475590136,244.382416582674,251.679916240085,251.001573033048
Canada,5337.42818720228,5309.7896176636,5484.4394601474,5641.91371784528,6111.7831015928,6523.88454765617,6949.87915101433,7206.61294336291,7580.29066503966,8060.21650989345,8448.56038711933,8753.16428830858,9363.43880096031,9756.98101199051,10452.0290067192,10113.1552005239,10698.8107375359,11361.3259064396,11763.6194647263,11928.9167109474,12331.1868598358,12564.7512080321,12339.6238648673,12792.8099456716,13641.8110824923,14129.0422919172,14637.4963944161,14723.19267939,15244.8721730595,15297.4464811007,15048.767029859,15014.438533872,14832.6506520833,14935.7924913429,14955.3585001294,15087.6259774046,15118.0711720798,15148.6504368151,14894.2254765463,15056.9693516033,15401.3428259398,15216.2023751927,15345.4639670133,15558.1525962914,15595.5520087226,15615.1058966822,15004.2719348165,15067.18827273,15406.3460527625
Chile,-,-,-,-,-,-,-,-,-,-,-,742.039089345008,769.88195758508,737.656164948995,780.765298102206,715.240651601486,748.106254338724,774.116694542997,814.286331661776,856.343109866663,880.746961478559,893.684001069285,862.774178575085,878.410513701517,935.842294630949,956.274350379611,997.664016822406,1021.65850219772,1088.10541869217,1155.99585215497,1180.07855262436,1269.95303577165,1423.22884103537,1476.6655123039,1546.70029985586,1703.3150138373,1871.03551918695,2010.44008227711,2093.1365144806,2321.69402011287,2425.75884435558,2579.12829095453,2642.7856405666,2839.49510954248,2974.25416916894,3023.83848306029,3149.58816785616,3257.13167682556,3256.80901840106
China,-,-,-,-,-,-,-,-,-,-,-,135.774430540777,145.879646184008,156.059108102592,154.701023824068,176.339986839736,180.09548317637,195.38947320222,221.398082862267,240.092537830042,253.002265308514,256.430090123267,271.272606397602,285.640604795522,302.718863646228,294.252986451515,316.906647193918,344.598862767346,372.465205286712,391.757805372547,424.438934094443,455.633885886095,499.209990643536,545.669466532025,603.579742867092,636.386943557524,685.889936265451,702.114448013332,722.165338588574,758.876450326685,827.685595951356,894.153134662106,987.945683255233,1151.70447533375,1329.74523531403,1530.78511342974,1767.76620470702,2027.34617467183,2142.18133942389
Colombia,-,-,-,-,-,-,-,-,-,-,-,401.071080385797,386.710349915206,387.468861012316,447.705945605951,452.180572449145,483.830571013099,491.951026387867,536.531058723683,572.961901202758,600.797042871049,604.025266997064,640.786240226959,640.882711919428,677.435274304676,668.788595205367,736.807316217613,738.403755686599,750.197310640134,799.236054926664,817.772304760958,825.719830267424,848.272318450921,908.103587134473,937.824743810866,960.651163313748,979.45690483594,941.142341446653,899.589561662556,821.705886488487,840.152455087361,872.289170779988,863.445580322212,882.688152363422,911.681293003969,906.382497538837,932.082671004668,955.142269467786,960.062801806151
"Congo, Dem. Rep.",-,-,-,-,-,-,-,-,-,-,-,163.214926943976,139.587281962375,146.592672589624,148.91396677136,145.46578251641,140.365122979992,137.104762796691,125.305448821222,118.702180752056,137.146422130828,123.083804247694,117.913984617164,124.720317239527,127.303580044049,132.235003738536,134.025037573933,129.104059296011,128.734859075985,124.632197820651,52.6922045776063,55.5945758966584,57.5067924872498,63.184996319788,44.9124154462642,44.609817848622,43.0200600733769,42.5817882412819,41.7445867833253,42.527131166795,87.1521775703708,85.9099951209073,80.4769590211256,80.9423937768444,79.0376910537849,80.3738983080414,91.6530970179308,94.9142732883412,91.6021445697947
"Congo, Rep.",-,-,-,-,-,-,-,-,-,-,-,55.9147461238143,57.4533927955967,62.4905863250161,65.056589046442,67.4291948889614,69.605255321669,70.9407985194912,70.2313611994117,75.021324970166,83.0493457307475,55.1336111180419,102.005414892928,71.1267124093229,146.039898353285,69.5617522491449,177.41104437326,175.895654027552,155.493902542126,156.214079504576,152.797537311654,166.114765501433,157.765414331571,134.292664317102,126.928372339266,126.885709010549,127.506822035808,103.555047632104,80.2651051023092,50.1641384900417,82.2091191218165,82.1538594557206,92.2421657086123,88.512126909408,87.3934954961901,95.5125561139382,105.088336645676,110.52846779859,110.951231746939
Costa Rica,-,-,-,-,-,-,-,-,-,-,-,559.005105183811,600.174722421457,617.809160487478,654.598807791627,664.918466744996,697.689749418737,723.882289275997,769.626463087613,793.606066962456,854.392159796514,912.654676884636,854.397366405334,874.933403571988,937.261181624574,968.096253585737,1014.83095621148,1057.04728640612,1053.65700646236,1076.27348418779,1099.24231668139,1106.60609107493,1154.87238183597,1202.63965339634,1274.2941626531,1277.20186205629,1285.67673178779,1332.4903591619,1413.8103998647,1464.90108487906,1673.63442910743,1598.72633252029,1656.12837144003,1722.80530849888,1786.74579370136,1841.13850175279,1917.27748480404,1990.73825970927,2006.11110634006
Cote d'Ivoire,-,-,-,-,-,-,-,-,-,-,-,84.6956129519491,90.435822215078,99.5159326719549,102.257654087916,110.778079584444,123.446844011353,132.202922043538,144.682583957847,179.03745054872,165.630952298513,172.254777140363,171.093098112321,164.127403189738,122.272540560944,140.830429580889,141.810658685685,160.049649208659,164.741767001402,151.968918937039,150.676612371086,138.933965600492,144.867417712108,137.472642083534,139.834809641697,169.027177738409,161.082925548581,172.053778051051,189.031871274988,178.510102952123,177.178416240629,186.14747467662,180.617596088189,178.388538767308,176.371126656413,174.502038381227,185.70485390326,192.835522693123,202.07130222184
Croatia,-,-,-,-,-,-,-,-,-,-,-,-,-,-,-,-,-,-,-,-,-,-,-,-,-,-,-,-,-,-,2931.0916307019,2500.53755846366,2100.9505757994,2083.26893095197,2124.65697830748,2202.90883746975,2304.16263331564,2483.91289645063,2508.03304379105,2650.65511322406,2677.07553453658,2697.42244729236,2828.88300431598,2878.38284628925,3040.21763142311,3207.27378965387,3355.40743654429,3424.37140354376,3593.39867390783
Cuba,-,-,-,-,-,-,-,-,-,-,-,454.657425205819,471.134055639071,499.792491241596,520.258570375662,556.285134004315,598.139299978155,634.00040763314,692.25460420086,768.715554342621,828.183926716893,894.829735455456,926.593611505876,924.946311785349,982.315268256341,975.702296873254,1041.89189497699,1059.58234694901,1107.99418310973,1140.13371265812,1133.46473467995,975.69908774177,838.98171824613,775.629437097818,822.399720930516,838.286677137017,895.06722761951,954.555228818483,959.722304554674,997.13453867841,1053.96301491799,1071.52898268317,1094.61234119643,1103.40440515624,1084.8407376792,1065.26190503469,1136.56618482942,1202.19722944416,1221.02441556935
Cyprus,-,-,-,-,-,-,-,-,-,-,-,940.795321071313,1077.95225930065,1161.27540621549,991.281879194631,1023.9352989353,1166.26401603742,1266.93923796791,1351.32472545757,1434.73184597587,1494.54065466448,1508.60618223013,1602.08233221208,1670.13279518835,1695.88263791217,1823.28503012514,1954.19784615385,2037.06663633606,2212.02471481459,2470.21704783936,2629.08198294853,2705.46422714316,2996.50271107121,3212.98376684809,3319.47371317864,3032.51027021719,3112.99930007351,3203.36031452359,3492.78026019535,3673.24880720506,3951.32578989218,4077.35326463814,4412.2866258142,4725.74768323232,4832.50978506999,5076.97123439208,5315.24279581436,5562.4964963213,5847.60374663766
Czech Rep.,-,-,-,-,-,-,-,-,-,-,-,2723.00235252829,2857.79970468938,2976.50035512223,3090.54323626146,3237.68071540195,3354.73737679912,3458.73050305971,3605.11194574231,3522.57958784249,3681.48756026742,3758.04287357893,3795.53199315508,3899.35671562551,4037.79095497392,4197.87672977398,4311.93199115788,4472.56617767355,4545.90157713242,4615.86047506855,4673.90333433758,4315.70325074104,4206.48146873572,4167.0478056607,4353.86019874804,4658.2183898805,4877.22494687406,4819.46863453159,4750.17391496158,4681.7724423361,4809.08208544236,4958.93892290116,4956.19013883668,5113.25611225424,5254.80718371279,5399.88352661589,5571.44385667271,5597.00225169385,5679.57662482336
Denmark,1010.65994760969,1118.03300217774,1264.511559214,1386.36896270993,1505.51302060879,1696.99105525315,1831.0747139135,1965.9237786228,2139.35323074394,2377.39452555439,2617.7638702821,2801.15838284178,3041.05778191985,3206.55987889748,3033.66769884905,3133.25863694675,3484.64201367505,3679.01484920955,4003.85756018469,4205.92422217011,4222.28749916797,4262.9351339784,4347.56356332103,4381.44924317066,4612.48053503205,4907.31962490498,5140.03748437175,5329.5864423494,5410.06096481617,5457.67826515759,5517.67336957304,5674.28525642021,5752.29025525618,5813.6438653562,5910.08127204476,5902.89491366836,6021.90253084572,6034.02179132166,6043.78199909594,6049.80859504667,6081.56488458085,6081.38907051872,6050.73679557139,6002.03899121602,6091.73227802457,6161.25911233383,6200.54748956136,6143.80189534977,6085.99692637167
Dominican Rep.,-,-,-,-,-,-,-,-,-,-,-,234.923762484677,361.204201202698,375.994347964241,359.895326083489,396.823004223632,375.677323433003,412.309247944482,396.476786070685,466.440305846354,433.123900818961,425.009455530199,314.213780058773,346.974939421347,428.86265933843,481.446494187227,449.913583333448,507.356423011625,384.994746267761,345.272335532205,438.642527019205,470.682594197179,517.288903646911,487.777464270412,505.727333641836,477.950563916388,616.26310054805,616.199491589277,654.536153290483,640.86839302913,708.10761441804,1021.56547514086,1123.28173448341,1354.33486663404,1364.41175365511,1298.96592499443,1325.698208969,1403.74302734596,1386.89549725526
Ecuador,-,-,-,-,-,-,-,-,-,-,-,136.534460245623,143.23104423471,150.373715519152,175.885827202154,196.347805156746,223.576213679469,249.259502785187,291.930480175266,329.256977635195,362.794962792117,381.46777367813,400.270461459386,408.754827780179,408.420412405452,381.124431451001,408.950714664088,437.368487771496,439.424232207849,434.085208897135,464.416133070286,500.085486593081,509.842328072454,504.304256414423,541.761846487453,558.589579090897,605.045521010455,655.097626987112,675.082252708307,623.799097520859,630.890934686071,638.053949510776,626.446107237126,644.750204259083,657.968237024533,676.885918330497,705.865578250173,732.338420201691,880.780871144809
Egypt,-,-,-,-,-,-,-,-,-,-,-,201.534117084291,198.70031436116,196.00254777185,216.847401335415,239.296167222682,269.916416757139,306.987024990265,314.420780410301,335.10065050132,364.256615490634,393.204964401387,428.672239373347,472.06567979016,488.675469316215,462.858486991858,552.727944271512,578.80762919614,594.543778193821,619.243957681049,638.66110334364,653.29136726811,656.811076586762,671.90781677005,686.817285707664,703.756843535971,759.56748130335,795.948253229176,836.362679163411,880.55353141783,912.745662500474,962.23872964065,1011.19566157826,1066.0816121009,1118.05306488248,1188.31916561139,1248.12340440296,1328.28498257319,1368.68952986233
El Salvador,-,-,-,-,-,-,-,-,-,-,-,167.939590360439,177.562216706679,199.355303508306,211.278163988315,222.088667680787,241.49579722028,265.775127458036,288.477913688293,297.964807439128,275.55225692091,265.823037128352,266.200712288371,288.252695717221,298.246664456377,308.565100342791,314.094552808378,326.976767143159,336.950347000455,336.017527188596,358.504044405716,373.60135097088,388.721410656899,440.716081305119,473.113216140903,508.851934573382,515.775134313564,550.809526995962,559.870323443336,577.799447968796,642.825423865846,576.120786923049,601.019667181906,613.675736769052,620.221612282944,632.78248906924,683.609049513234,739.647626809736,809.25631109866
Eritrea,-,-,-,-,-,-,-,-,-,-,-,-,-,-,-,-,-,-,-,-,-,-,-,-,-,-,-,-,-,-,-,-,31.899406832332,31.5232049163076,34.8631683449082,38.3590266645728,39.7401057304089,41.8968050564778,37.7748407945536,39.6140708871608,39.7171864817847,43.3518428441397,46.8954905755895,49.2242645372801,49.1919740172598,49.6915949373378,45.966132399581,48.1072843943394,46.3444563212505
Estonia,-,-,-,-,-,-,-,-,-,-,-,-,-,-,-,-,-,-,-,-,-,-,-,-,-,-,-,-,-,-,4471.52520642672,4472.61629178216,3552.64218641146,2795.143869022,3184.14277001911,3167.50506218765,3520.66789604063,3744.96679168869,3707.37940515585,3460.94251077168,3617.75022375864,3775.90886894217,3959.18095582602,4188.88435962396,4408.00702709471,4532.31219610276,4901.46224552284,5164.64862392014,5357.32176001162
Ethiopia,-,-,-,-,-,-,-,-,-,-,-,17.6113406190408,17.5850126218819,16.8577648648631,16.1833547845832,15.6506230556236,15.1099622511093,14.0415478176414,14.6549362331104,16.1535264414659,16.9858585154473,17.7869786263281,18.4228289035016,19.1849236902671,20.266955610129,19.11982280834,19.3015428686325,20.3062019515097,19.1487285570875,18.4529662072331,18.8218813564288,18.6011112273167,18.8559019265632,20.0050031572841,20.8026310610582,21.6892569010327,22.2743636010162,22.1384847616326,22.1079279850728,21.3344347427153,21.9393148733286,21.8562247118921,24.9946386729606,26.3446894750608,28.7562066867498,31.9550323855384,34.334466184638,41.7395893006795,39.953984258203
Finland,1801.16395611342,2112.46077340437,2314.81755418025,2386.73566630093,2615.59327556247,2831.08763617145,3069.62076846118,3209.61399504619,3465.90148123764,3859.43800587614,4348.95138773859,4683.71787922441,5283.23784279743,5775.90707919558,5845.75250278537,5671.05050495188,6193.26028257616,6346.28283513776,6884.10209892504,7441.69739899133,7781.02743049272,8033.79773264966,8072.62346918841,8647.94055011062,9291.71102063424,9900.01667148464,10073.4241078492,10745.8332523948,11151.0045317694,11414.7844377394,11822.8066807703,11787.0279385678,11856.4360323338,12296.1701224479,12792.5966350271,12778.2880210882,12990.0279826807,13731.8101762891,14153.1669989973,14399.7616097565,14625.56156944,14926.1203221661,15348.8823673383,15538.6742384576,15944.5338394082,15497.3613758897,16398.6500979093,16481.8550337313,15754.3993697315
France,1321.93705189402,1407.7746251272,1490.82512902131,1590.0828501506,1714.97558254034,1763.74460554109,1863.0217900557,1941.01788335452,2024.79664837586,2210.3554910333,2356.30253096265,2462.02054323876,2625.38549756437,2850.06331499128,2992.72951678952,2990.05104833774,3238.98328335028,3397.84531103055,3619.0599245056,3795.2173965358,3882.48817114275,3887.50584055149,3947.02544578883,4150.09342173376,4310.91386821727,4521.14113980868,4772.68765016625,4963.83605314389,5043.03285765552,5196.07042356752,5327.99054540446,5633.4645757229,5758.45205314398,5769.47171706743,5829.254504912,5897.04768519378,6095.35457997074,6064.5034684768,6243.01512223719,6343.89472564915,6483.02000982526,6635.27581179864,6567.48598444707,6787.46961496467,6954.75551828867,6971.21237642108,7014.2731545905,6975.51353289138,7075.05262208671
Gabon,-,-,-,-,-,-,-,-,-,-,-,165.45197337273,55.774503370962,214.086496783929,206.034105068532,193.10701145768,383.960214920859,400.713708313101,426.925915522436,445.667370565231,598.564348803507,736.607369949912,822.566635803861,859.369318459116,876.122321939994,979.049352022004,980.420224222033,962.239148929403,957.697602183291,795.130971529633,825.754773635643,809.67756252774,788.382989817792,771.484677772993,705.79379340115,709.611103883158,782.274587305914,791.306237230163,853.692580697048,834.613451848876,800.640089228189,820.256047313948,843.680370413698,848.871316993373,846.008366125847,865.818833298549,911.803178595641,950.773465890696,1030.4054512047
Georgia,-,-,-,-,-,-,-,-,-,-,-,-,-,-,-,-,-,-,-,-,-,-,-,-,-,-,-,-,-,-,2492.0600338321,2281.89481631156,1814.60774199114,1729.28615230758,1823.08696145472,1318.82168430897,1025.60278784057,1167.20668228942,1300.01873983576,1321.96551381148,1316.06791329414,1110.14879384699,1142.46284280142,1208.89841285812,1253.9826864359,1320.62905874438,1216.35809539174,1255.9290469679,1289.19874813236
Germany,1331.88763810213,1412.58400581988,1501.11535482585,1611.6780110804,1739.05332668074,1861.48173377197,1967.97692622617,2038.4728293501,2248.15998417223,2463.03628512994,3268.39047586185,3456.72580265725,3720.8910992744,3964.07158130782,4120.31748824183,4086.87556271374,4429.57903538868,4566.93590248909,4824.03886072201,5009.16902553303,5005.7858120953,5034.10481821662,5014.17444449605,5140.38355357423,5387.81346660737,5568.81475445417,5652.40452181497,5797.70919919013,5863.14215356514,5912.26636067019,5733.92107653182,5693.68334768533,5595.77765308725,5498.99911443377,5449.33241763681,5526.8800625843,5598.20210574179,5631.07021974947,5683.85798260775,5769.93612556588,5883.347409897,6020.33095354454,6176.02170406116,6225.57938009566,6306.30284433621,6320.98732922009,6380.53841133454,6400.97752410663,6381.52826600432
Ghana,-,-,-,-,-,-,-,-,-,-,-,301.747537366941,333.282132365204,376.131504406548,383.297000705681,362.776589604516,375.073210792113,384.104454192993,316.365068276757,383.403562308781,412.942213926938,411.471901517904,375.231844880389,160.021674755058,88.3269773517541,155.267466053169,243.507311490192,271.362543222977,286.84443610959,290.11745705996,290.257105019096,299.531458749919,313.102728233601,318.437534740919,293.896775700153,346.599806769869,377.14750758843,355.634509570053,249.308222720395,326.999933395113,309.806850937283,326.540284808342,301.989786164019,218.40661324676,215.696858249176,240.676712514901,292.159898457677,244.870599997254,264.095585910941
Gibraltar,-,-,-,-,-,-,-,-,-,-,-,1469.27194553923,1420.26737782704,1427.17809336142,1455.00883239237,1497.93798291296,1515.6283674569,1522.76539792388,1622.10006901311,1640.59187369716,1676.48958368967,1650.07306151308,1810.31145413565,1843.81008695652,1844.69603461729,1935.48539688228,2002.57713897529,1914.28794215638,2101.51281692114,2283.75298391282,2516.21945755936,2627.68528761062,2871.94086993513,3007.68768131324,3188.28660436137,3394.77153284672,3410.45464544988,3475.38771031456,3610.88979651375,3782.3613686775,3771.80071071144,4087.68273716952,4258.54225301292,4465.08928571429,4671.55534796824,4985.83488739062,5157.04382698367,5257.14091607967,5643.46975216056
Greece,220.876854194074,248.078415822721,276.912464417115,311.390562672288,372.19863534494,434.915136053765,577.094962403283,687.904512862532,745.03455704392,854.388527948546,957.773388836283,1118.8696569689,1259.47612387424,1423.5821695524,1436.98779617057,1512.67332423815,1643.87473806041,1722.28838030359,1924.53287442713,1996.43019910019,2064.46172856535,2047.78177370534,2058.92479011861,2190.41941253953,2325.75557067953,2402.16488887263,2423.72062339155,2510.35454444287,2694.94021220463,2792.81207564926,2811.17875794343,2861.92792813885,2973.87412958822,3003.43130474396,3136.09129624981,3260.14435689264,3394.3101354846,3543.9325839915,3737.53060911774,3855.48816432848,4087.3489508112,4210.17383238601,4395.32157478836,4576.88727920199,4672.1594127614,4772.35407823925,4915.06072852524,5155.84149131025,5283.70497824452
Guatemala,-,-,-,-,-,-,-,-,-,-,-,133.734616848955,140.230818779237,154.946317147339,162.823652135515,172.861196612676,186.903052898543,218.679717292927,240.137770995135,263.251728204147,270.487059523488,219.095575162512,203.925918165998,200.129342769796,201.031492486834,203.565225347925,210.494159206099,227.71059097735,230.44393968599,235.611934338662,247.263009874117,253.671070162135,278.006221081333,292.944388453066,306.464292947579,318.091001036874,321.752744947492,332.27537682804,345.234609108544,384.505805727052,359.475226742026,383.208583795074,387.86260416061,507.071708666407,529.726560302968,532.97835250431,557.059209528252,571.250593338322,558.3946944699
Haiti,-,-,-,-,-,-,-,-,-,-,-,12.4670949417634,14.9016846728211,14.7614691259346,21.938271383145,26.5149291536757,26.0945001460618,30.9719237070632,35.3553706454567,37.6510230124488,43.9466929106462,54.4271961727733,54.6420388277237,54.7510859527957,54.9623677301297,56.3713803083993,55.7323087532424,53.864639589674,55.4477715622829,57.1316132096493,64.4898117089483,49.7927948660341,39.9965637596453,32.1311902323862,16.9285540782925,29.5158651430633,34.1510337291148,42.0988624504505,36.2335921556315,43.8157547049512,39.835799286698,39.0456623246582,33.6563914406694,31.4040784497413,30.726648896262,40.7627417281917,40.8089133735748,27.5252545804248,24.9343706462458
Honduras,-,-,-,-,-,-,-,-,-,-,-,123.977013055862,123.456275002985,138.435241998762,164.215410397738,171.857044870763,178.759187685709,199.038515858846,198.276203971818,223.910195840412,225.794176264132,237.726758840249,233.047014155808,242.96265187373,249.009284162299,293.931442403976,288.268299672195,335.817948068742,346.782844228589,339.729507104891,375.672410846548,358.806822064859,334.092840217539,346.932896437178,308.254326434197,358.509108513329,411.318034425346,424.585316490901,455.525097854685,454.54849648213,504.528813619133,517.208876704118,547.023803533389,557.895224007887,586.764258545366,593.725458300072,604.900020419038,655.536913715734,676.621152622476
"Hong Kong, China",-,-,-,-,-,-,-,-,-,-,-,1298.03599238623,1314.71530966786,1426.45431325072,1369.81777942402,1461.2029573684,1610.29422753431,1805.19866919737,1951.07421531869,2003.52506237702,2156.97209614663,2230.01895666937,2361.90288916326,2625.3064301884,2786.95555308546,2918.85673912247,3197.36795062086,3843.28483967259,4072.22236771435,3955.15505886971,4190.83364349145,4402.04396383866,4486.11842538616,4673.00353137773,4810.92262638596,4796.74049976652,4950.54019329228,4964.78005110286,5325.83573481748,5274.53327447867,5452.77986760218,5551.70863660847,5633.56619675988,5648.66410719473,5723.1721784796,5806.64334918273,5813.22041913241,5854.14646871846,5833.09462693321
Hungary,-,-,-,-,-,935.070449586297,1010.14186865786,1089.36169317866,1155.5595953132,1238.33120543572,1353.53706160895,1468.97564648429,1572.52246107909,1683.88514120106,1791.12674754318,1871.14350036366,1998.52205491329,2118.98976522987,2300.07758612613,2331.36503277083,2388.50833927575,2429.05637757369,2516.62795553889,2621.27692476226,2757.68958937842,2833.62228092728,2885.87924647077,3015.69244323332,3063.5151831458,3103.47516469338,3046.57331488087,2849.01723217868,2738.23220034547,2634.22065150084,2675.23807215055,2695.15671229077,2792.51559848937,2815.43001619181,2838.00361311734,2845.29041875228,2904.70505745578,3021.96921954441,3123.04768283996,3122.13635163747,3172.10304040668,3232.17289382707,3330.61521035164,3389.88628086397,3457.2019657806
Iceland,2570.68895712499,2828.82580140298,2856.82521024097,2938.83524458031,3034.74844715563,2933.62830753869,2868.46776749655,2874.54337715678,2947.18745807349,3755.85038438794,6394.95012346647,6910.77926362984,7546.45428264246,9753.87909438511,9852.04519700544,9486.59704353968,9900.34306532869,10519.2876302277,10870.2089119672,11718.6614337162,12546.0317933389,12705.7610169712,13630.8329593969,14033.8535527609,14604.0027891673,13966.7144981628,14508.8436577928,14474.804966568,15662.0218900694,15670.7239679362,15353.0117502032,14981.4175858833,14828.2365295816,15515.4803077276,15682.6118951423,15922.7540397792,15973.1348698885,17378.2713354376,20080.2561313869,23024.195542412,24594.9693819095,25326.5247250818,26196.4306495851,25913.0547920732,26402.3621779389,26287.2638733963,30060.0546448087,36061.0850823532,50083.43013533
India,-,-,-,-,-,-,-,-,-,-,-,93.3723996750902,95.555115696649,95.6120346551724,98.0867924114671,108.662059769357,117.498565290323,119.406347318612,129.296417314815,128.122455481928,131.882350162003,141.538478121387,147.105570282486,154.318228713693,168.606798430311,177.647864900662,191.344422827497,203.072079390863,220.097995602484,237.501380024331,252.408953444577,271.06981182243,283.725373302752,298.65419701459,318.75780660793,333.569201014024,334.07178699894,348.608097914494,359.982733948718,362.520885961454,364.631733706989,364.319808184918,378.770928561499,396.298769969272,417.91887130728,436.298583176103,476.570954179894,519.735021927049,534.685663543418
Indonesia,-,-,-,-,-,-,-,-,-,-,-,15.057454379562,15.8007361356178,16.0806595263577,18.3915300980338,20.8330853358097,22.6152315505975,24.9889550557689,29.2565967928489,35.4107704638115,42.4376520289806,48.7319108263285,56.8762160646394,62.435018228485,67.4039104860134,74.9447924456711,85.7037686997932,97.5151274841088,111.834815489802,128.996979169637,151.792023529412,168.963612108265,184.508575664445,201.896320121659,226.001859774896,255.495134913096,289.04761825962,323.546018727607,323.805670106161,349.900398216852,383.866625554505,405.157076032361,412.686797498342,421.718156337851,463.566273828872,490.015635273385,509.655459362598,542.475740940384,570.64494246774
Iran,-,-,-,-,-,-,-,-,-,-,-,239.736724120552,274.629681844908,335.553069130863,370.053022337406,400.56341532101,431.536898868561,456.52776543538,453.180534075616,484.022934514827,489.283057742619,502.006859098091,552.79229970707,616.909208748055,658.073970657332,687.82058578423,699.20504479587,739.836844293711,749.820276951452,801.275292838636,864.75420901608,906.752205863832,942.966243916828,1017.67417022645,1071.17629437765,1096.38529401094,1176.19352693701,1220.94383135848,1264.8150917994,1359.5722869512,1438.90629479258,1520.56974995708,1624.72120466147,1765.10103724007,1892.71003324953,2002.64334073433,2139.24584216385,2226.76578352992,2334.61433575124
Iraq,-,-,-,-,-,-,-,-,-,-,-,273.368721704108,273.865154977794,321.43971191572,340.588125730838,383.957860743003,433.08665611913,508.889255802195,604.388807236617,754.577868007646,817.35646598587,752.811718630444,916.040730900132,1049.58632747615,1219.56870682626,1269.78901744785,1303.40173468395,1289.70537421775,1306.13307223981,1290.0469444766,1257.4843523759,1122.59584218628,1350.77093624672,1366.52751813695,1416.68622454829,1426.42880973994,1369.95601018553,1367.80517896314,1363.00450832152,1323.80676280876,1286.19427643358,1287.52038457079,1314.1787546409,1080.80309721795,1245.323023638,1140.7655007462,1161.56345522147,1176.1180514449,1266.86527682878
Ireland,650.187634180791,703.387417946989,783.533236749117,823.306063157895,969.448212290503,1057.21390820584,1155.89457004161,1267.77065618427,1416.56394849785,1490.2189704676,1627.35636080133,1750.30660443877,1880.71143367279,2001.53162827021,2001.19236284489,1933.75058697636,2075.16124295186,2216.23674317675,2353.16942063971,2563.55143400036,2528.24094678036,2472.12986583028,2461.36250574713,2526.71043378995,2622.74460753755,2758.12349152542,2881.75008614602,2992.14842227182,3038.85151858568,3211.0412786064,3383.54034547631,3531.02585809162,3712.83435284158,3788.46214273678,3937.52816682436,4110.16195290947,4360.58113200698,4558.75279809055,4774.89504538705,5028.44925564132,5351.61150832478,5483.0892419215,5613.05712197631,5870.28811502889,5809.50077061476,6065.32582807976,6375.47087256153,6295.47678486164,6419.40269275254
Israel,-,-,-,-,-,-,-,-,-,-,-,2170.95320227207,2353.86412902513,2378.28935348005,2403.22442807009,2512.1969434525,2609.10043856895,2718.51638396553,2894.53680058715,2954.15395184865,2932.4552819512,2989.4855863909,3104.41905639638,3242.58684410296,3265.01141861748,3368.4879060311,3277.00697172274,3625.5545795675,3944.02753111883,4119.02559873961,4030.80652153292,3923.73084505766,4352.0001620565,4486.0681143296,4965.70008842995,5239.46722788551,5498.52510255873,5497.62161280706,5790.74067460061,6049.26898564948,6603.55106261855,6334.82328417558,6379.58995138758,6536.90508659072,6612.57044998168,6769.06779686669,6922.87532802056,7213.11001218514,7350.72921328247
Italy,933.917895676287,1000.7105448586,1084.21422530447,1210.60962180385,1282.29944651377,1374.66527965591,1485.81341636793,1589.0197356604,1703.41640263765,1805.49026164263,1927.19887329928,1987.22934441862,2108.27625112102,2246.02628184255,2312.34171085172,2255.10675666372,2459.53289606303,2535.89901719154,2630.62321160883,2765.85757803537,2830.96954333002,2821.41004160011,2859.40169170468,2842.26735948279,2997.98404157909,3068.01685421333,3162.15698699575,3328.60870891568,3498.07208855455,3654.60605237144,3783.12856452173,3867.60025778774,3932.49290391468,3935.05505890166,4050.29497235546,4160.92257411938,4196.44029902052,4318.92780533515,4434.48338200321,4539.2979536673,4730.20221108915,4802.04607616046,4882.03946453363,5025.80579279553,5091.23390911389,5179.31926892698,5312.47098570981,5320.47702083244,5320.68052492134
Jamaica,-,-,-,-,-,-,-,-,-,-,-,770.342377169026,905.742455006368,934.671006400092,970.168988569613,959.372686030883,978.432268298125,990.527917567301,916.91385084524,881.800742554633,461.317146468306,453.063513120979,473.041553594404,510.376448696672,503.25436313037,541.79155819847,530.83311595906,610.870847921823,595.757596044332,592.615711457927,702.875564009367,705.617391016784,1494.41386553032,1574.97015738144,1742.71555350192,2099.68260164761,2147.11812261316,2198.07101537504,2273.84038021486,2295.6975045446,2290.63421561044,2303.57153326776,2366.95767826202,2423.90684589539,2387.28533691202,2357.19733725215,2363.98850087958,2442.05017603481,2441.59328570246
Japan,1010.89873682505,1159.84831071743,1223.1967739045,1402.9720301029,1567.3458540537,1663.88949943374,1861.2371253529,2105.0097565314,2328.76782138117,2677.56919037329,3000.2052901964,3219.60824220332,3529.70599218442,3819.59304145444,3718.94670937432,3780.64114979096,4012.52117393808,4142.23803113506,4327.00277708568,4504.05555002207,4394.94234406171,4382.87429191797,4332.92374467956,4569.39141258457,4770.22113047863,4895.46307020779,4887.88806675552,5160.97601086728,5418.23102509522,5731.86029640761,6068.82557532234,6236.27577330525,6265.54953186446,6295.2732251244,6698.02070471279,6851.677666734,6997.50926861091,7130.84000945438,7158.89584102466,7299.54963683255,7449.8143548532,7308.36846444855,7421.93744186528,7355.06878457305,7560.23366919442,7677.52481869722,7726.48940896551,7935.13081654739,7569.38685409214
Jordan,-,-,-,-,-,-,-,-,-,-,-,51.4156684183403,55.7876385685981,65.7125723753448,69.0734826855311,189.167469050894,224.14561601406,242.605276902148,294.037494494018,351.466410190499,390.766305084088,488.200324905406,575.298323711958,665.418929421718,767.755764930537,818.718363619066,851.772892140542,941.644805290134,947.1943850602,945.188139079626,932.095912575328,865.294118133119,949.902412700596,978.531312637448,1040.09642616632,1117.17936439103,1153.85972012593,1147.7386658006,1182.68485808415,1181.33992286743,1208.76463320266,1223.10732106203,1319.51011687301,1351.09334070782,1445.76152845683,1529.51308151143,1645.36041078358,1769.13692657743,1885.41898537381
Kazakhstan,-,-,-,-,-,-,-,-,-,-,-,-,-,-,-,-,-,-,-,-,-,-,-,-,-,-,-,-,-,-,5888.01103613576,5624.30245717142,5322.11998829892,4509.18074050436,3561.353550337,3250.83154139109,2914.11611719122,2511.47622160406,2372.22252654243,2423.1018634009,2341.07274812502,2586.1253699613,2618.393464208,2777.05282268551,2856.486431589,3032.31662329733,3256.03176710095,3365.55426197924,3577.83381320584
Kenya,-,-,-,-,-,-,-,-,-,-,-,76.1761535902512,80.4642357667654,83.174358963677,85.5357471601178,88.4521120245382,91.2615117182202,96.4284608897794,99.5557720351015,102.884939189309,102.765343891807,106.502776873573,104.936646205533,103.781439871822,105.415499304766,110.47722784952,113.25781957238,120.504285246184,115.128262789016,118.537812322728,124.260255180864,125.535259505108,125.039793906918,127.629657343889,129.606301190714,131.582487630701,134.642041304719,133.020790850439,134.65912378254,125.671095775553,113.674105967153,124.319738627109,130.492169298205,136.400215801205,141.374802927248,143.71663919072,152.557935867877,155.798115241045,156.177352583163
"Korea, Dem. Rep.",-,-,-,-,-,-,-,-,-,-,-,875.574808005163,899.883427920565,925.311506261482,952.016912725146,979.968668416564,994.11565797001,1008.61504338047,1022.7472183948,1035.3822849844,1051.39835356926,1065.13597669766,1083.52014373919,1096.2465667187,1098.90077819301,1153.74454019226,1137.66906164707,1158.77350498129,1223.12175725736,1261.61030398859,1177.02057082467,1098.71477680513,941.681081048458,828.429794463238,848.563278447738,829.808900495393,759.118327562944,683.835285489693,596.194902796098,654.676328348781,669.661025138858,687.944034195299,665.19994157197,698.410393688268,723.424021082801,747.291775024259,725.3495166512,690.201879903741,738.53464501966
"Korea, Rep.",-,-,-,-,-,-,-,-,-,-,-,280.073516406654,324.786103566632,376.553547970534,433.146094776894,471.44336611774,547.226201896263,626.800694917115,738.294353710257,829.930359141046,858.800028853216,914.995648580947,963.403814270457,1068.12006464545,1164.66537593427,1243.47232661863,1366.52923278498,1541.9862193071,1768.46558635293,1936.60144078777,2202.0805038606,2409.91539365941,2631.31058121763,2884.1511248689,3272.96733700177,3607.69843310421,3990.85648021348,4349.19957536107,4153.38991447278,4561.22439282277,5557.83194990493,5904.31946605099,6271.53371448108,6599.67447089207,6979.65061028273,7353.75079139019,7603.78712285956,7977.57343522115,8271.49632225187
Kuwait,-,-,-,-,-,-,-,-,-,-,-,2181.11794321038,2257.11516579684,2350.64138577827,2436.38674000523,2533.00155329469,2436.16465509277,2631.22864155699,2839.21022360216,3337.76931570235,3158.03504094486,3561.62598764967,4040.81018020773,4030.55762404667,4288.28166130626,4522.3348129989,4803.54338337136,4600.38371926426,4663.43933653228,4721.82368645343,4482.57642000905,6858.16627902955,8290.07627838755,9468.78562960776,9730.21401587055,9385.28044037295,9645.58225475562,9752.25711688084,10562.057005343,10619.962671487,10418.520550555,10733.772349227,10999.0569914864,11307.2020707589,11406.0133799975,11717.4871127841,12461.3425444086,12195.0826142988,12618.1876148289
Kyrgyzstan,-,-,-,-,-,-,-,-,-,-,-,-,-,-,-,-,-,-,-,-,-,-,-,-,-,-,-,-,-,-,2267.61442706263,2263.09737682152,2248.23997049452,1840.11107273133,1864.49966374608,2027.62614284425,1906.09207705985,1753.72572523032,1635.42575892277,1741.34771609903,1871.27038371455,1658.42016726484,1545.09489502666,1792.45870316687,1627.39423103226,1816.78432250396,1984.47727592676,1691.96762241186,1360.55439474066
Latvia,-,-,-,-,-,-,-,-,-,-,-,-,-,-,-,-,-,-,-,-,-,-,-,-,-,-,-,-,-,-,3124.16610664554,3022.82584294243,2425.63443352859,1844.26738350584,1744.69448376323,1794.93140697297,1680.60105427153,1720.77634056619,1867.17276382588,1864.01100074071,1884.4572502565,1943.75487229416,2086.51753158377,2239.37314863085,2343.56270156692,2501.93810509567,2701.02044413965,2923.78079573061,2952.31367987234
Lebanon,-,-,-,-,-,-,-,-,-,-,-,456.340797551227,484.039084812117,532.779283606306,555.066713170521,501.678487127355,538.801958577434,579.73317174762,634.966503022302,717.681377132411,767.505317776865,830.264893806553,906.257154482396,989.888782157504,1041.20112340171,1061.31491288713,1143.11914289269,1261.97998092157,1082.25393893762,676.058323677096,425.842866207411,845.696866599357,1047.08480202137,1218.98579817363,1323.6620276433,1403.9632498314,1990.22552322719,2332.5174878177,2198.2710908527,2154.52488678806,2194.61547619979,2205.60597214711,2355.92105563682,2405.39916940808,2342.62159610592,2350.64721598278,2241.98529187801,2286.65595757302,2397.17472634303
Libya,-,-,-,-,-,-,-,-,-,-,-,163.697078196056,174.033794027777,332.186705495533,376.999161694967,474.477184439949,571.711495184085,697.462523647183,805.723771224212,949.096478662831,997.124348976386,948.339421941648,905.944431851688,869.426967359452,838.238316983547,831.618812751298,921.361921407484,1316.07999799992,1420.02407166918,1379.9878863041,1409.4919761101,1490.73685774985,1586.72121280302,1632.22490263488,1636.49346556403,1602.47925123092,1626.51230419375,1635.70187008763,1918.64158528285,1970.34947633022,1981.02293248883,1991.7338609575,2061.62180164792,2064.71914362309,2141.70089237755,3303.30751047209,3656.63153217368,3625.51776288349,2970.28678502373
Lithuania,-,-,-,-,-,-,-,-,-,-,-,-,-,-,-,-,-,-,-,-,-,-,-,-,-,-,-,-,-,-,3251.8797424297,3212.50769285623,2479.17885088634,1814.36630591889,1769.78700610604,1730.23293100975,1778.79286299217,1838.57219736424,1844.82535081701,1788.78229437899,1696.07528157253,1768.40583836454,1850.751655826,1983.45463405094,2120.72926653435,2218.31678491204,2351.85132014057,2478.18369156906,2537.47767659924
Luxembourg,4306.93272265733,4387.79276933516,4583.83351519875,4845.05584696081,5251.89864225782,5554.54413273002,5790.28718609144,5908.31438873832,6408.4514406,6899.01937777778,7204.08916957078,7597.74585280374,7952.96041546451,8467.78159509202,9642.63100971694,8668.50530714584,9190.84324324324,9164.7424540047,9374.78851146092,9594.01311294766,9817.90301866081,9216.21800766284,9306.65851831192,9600.37213878678,10226.482231784,10332.252287094,10331.9508209604,10476.5127804983,10605.5974591613,10774.6450541681,10835.8100196884,10878.8227362896,10780.1299700422,11017.2458576582,11504.0666144899,12196.3643996641,11810.1174302036,12013.6391188892,12410.3507895755,12706.6959981689,13002.1097733017,12633.2655993201,12558.1069509701,13138.2508253715,13845.4535434092,13144.4507662659,13720.4744389382,13929.3989863022,13487.8575984659
Malaysia,-,-,-,-,-,-,-,-,-,-,-,294.198685152434,326.240803841327,352.014099205028,375.580888450609,403.339712078523,437.948515540471,499.491194539111,534.630901630548,591.678357767317,631.164001036881,659.991258924187,697.332155927233,735.069572643298,781.874801416186,807.220050037864,849.211789743518,892.224727425692,968.422173773298,1050.73088920012,1139.51310492746,1250.21906532745,1408.09735876008,1519.80362174944,1777.81859889332,2001.52118319019,2190.86391819027,2549.13858607095,2710.65722289193,2633.27298340829,2808.06638446058,2926.2040241054,3039.10889176836,3179.37921459979,3284.55579049864,3371.06305996843,3468.12568333663,3600.54203960262,3677.34838571958
Malta,-,-,-,-,-,-,-,-,-,-,-,863.52753573316,936.210813010675,1053.51456322746,881.082392650932,964.052439894828,1093.24556556168,1180.7007040769,1265.73019488737,1352.31154648924,1362.87889318985,1441.19740851143,1554.87671491469,1605.24486118958,1665.16866403513,1905.02790752624,2066.00470248828,2246.52015344638,2418.38545706647,2589.6595491989,2534.51979493577,3321.25335444138,3433.27788967934,3432.97604376122,3252.67447524933,3341.07192226972,3524.67094077829,3551.98888636464,3636.47113130433,3909.94530671817,4019.21815015887,4004.56887818247,4211.52499904705,4570.91508130513,4511.32087357724,4913.89050871444,4630.85634185711,4606.68154673037,4592.77960607833
Mexico,-,-,-,-,-,-,-,-,-,-,-,476.532672941618,517.059473144379,548.42181886111,590.199666156086,617.583247120108,653.332357119332,695.137910967846,748.848433724644,793.533059453405,836.362779964423,887.292080809826,948.67914229558,938.558993341606,975.266958086838,1011.6553860062,1022.6153927154,1061.94041742985,1094.10756004733,1147.90517418701,1180.16399671516,1190.13604703134,1200.40629419495,1184.02385912529,1258.31324141734,1287.17766350436,1357.46812036228,1436.49388718799,1475.40456500912,1537.7109133571,1622.71256788231,1611.95328796091,1632.90627441606,1610.21188421357,1619.88620649581,1734.28543229181,1776.38152109095,1806.97092096513,1820.48380052276
Moldova,-,-,-,-,-,-,-,-,-,-,-,-,-,-,-,-,-,-,-,-,-,-,-,-,-,-,-,-,-,-,2350.69015902959,2537.06302036174,2190.32634507944,1796.3981635639,1462.21607865912,1305.51042863758,1278.0527616992,1181.94642732113,982.857225946819,784.655792817754,705.666179304455,771.648742996274,887.736330227191,1043.0974915655,1038.54217798224,1109.63469894315,1152.06286243151,927.506360812041,938.397041968309
Mongolia,-,-,-,-,-,-,-,-,-,-,-,-,-,-,-,-,-,-,-,-,-,-,-,-,-,1302.32521763106,1382.34053925039,1374.84652377784,1399.76309723705,1384.1225255968,1282.52504579622,1097.92388656828,963.939507143283,894.959653182537,799.939524377609,804.8830588975,804.680477726605,771.34199373658,780.223094161986,748.888671482182,755.278024173006,761.588506026956,784.290925924956,835.967820846767,888.462719994882,944.183977770708,988.09403493509,1034.93524120542,1110.29575931694
Morocco,-,-,-,-,-,-,-,-,-,-,-,116.796250393312,127.568849271968,138.273369376772,143.779326684679,147.137051872477,160.922712084484,176.745969887059,190.723418555952,208.183891850861,221.671736300494,232.731019169846,244.514820486238,262.19384108204,261.223518488944,271.993338643508,285.088593031692,288.383806135162,315.828987008638,309.312203511695,331.01692622041,345.331545770616,369.200166724558,364.494497875,383.774657089615,388.128812549049,391.859810461303,404.671562254103,420.400022046644,385.144883289362,426.271882505847,439.036953947758,451.99029074349,480.185909013668,505.817657562066,538.753757542165,579.504729348548,608.572761198175,633.587029287922
Mozambique,-,-,-,-,-,-,-,-,-,-,-,47.4975089261949,46.4934621160749,52.7458607650838,62.2081600296077,51.9618649380346,57.2080742835723,52.759941077662,55.737667774853,33.8240631638627,33.9657044479381,33.6546678631336,45.2127065676043,35.0806325716099,27.0883590929509,29.0193789301646,34.4755631650237,40.8079924591714,34.0372242702127,38.6460755960766,39.1987820222489,53.9562562397462,51.6021655635998,50.7260266604021,43.2233071860165,44.4093702578675,40.8289981687692,46.926732907981,53.9392064577076,59.2312579886718,117.589052330205,268.341812563219,264.692987574822,372.17666721203,460.954092201331,471.210681175468,478.484893077771,462.500991396403,487.139563037236
Myanmar,-,-,-,-,-,-,-,-,-,-,-,17.8404734081156,19.2893731871165,20.2249056400806,20.4402919006111,23.1922145626297,25.4111692309443,27.2187284943739,28.7073619914981,30.4056941789698,31.2881081400482,29.4590484305724,31.2047568482547,31.7321786180912,34.781414027665,41.35144594462,41.2673392576114,41.5551798965504,36.9719696956941,40.919974601983,43.7598047821691,40.9735286669322,45.01810980755,49.589465072083,52.7304822532529,56.1587361588471,55.5235331775553,61.910148308586,62.0911857538168,65.8200366387274,73.1414846454125,65.5009186528215,76.420477431934,83.655535653949,84.0432579149493,77.9559077496697,93.0888285587675,84.0149876533594,98.4323150417357
Namibia,-,-,-,-,-,-,-,-,-,-,-,-,-,-,-,-,-,-,-,-,-,-,-,-,-,-,-,-,-,-,-,1017.2740376132,981.355352056583,1047.91063944843,925.81455496126,920.305543368708,994.281329243708,947.901165562108,1035.54430599919,1098.05077247962,1173.55858524531,1208.02750027474,1055.88905120445,1100.28319292574,1376.59541634517,1450.50559119748,1547.62320909406,1566.64432528174,1855.05060983262
Nepal,-,-,-,-,-,-,-,-,-,-,-,5.76015035564995,7.25200608768853,5.59827938285899,7.01589623892305,6.47799853819392,8.75215161234152,9.61904940990575,10.2258734002802,11.2718290913576,11.0565134551866,12.0780475415468,14.7529316016382,15.2499884411076,17.398770471402,18.9612902438183,22.0961690306839,25.2875474823605,26.2374291859768,28.0787517658834,30.7425902346091,33.2067603053241,32.9190957349696,34.1138930330956,37.0634885766041,39.0808094990906,40.8535519423125,43.0491428827814,44.8716426602016,49.0402356392368,52.596047326952,57.3182361041245,59.2981773884488,62.4980980989906,69.0170031280353,72.4209100217596,74.0398782528334,79.0058657266557,81.3856526994679
Netherlands,1182.95710430089,1239.10568290497,1337.90095266782,1446.52885358357,1568.25550501685,1692.62482590303,1854.63894241578,1998.64147957318,2233.54260225012,2444.23697817137,2675.596916439,2859.96903843145,3110.49165956107,3300.31614914985,3499.37103894485,3509.71117897192,3724.58635286948,3787.30121564379,3953.49706395047,4095.53334347351,4059.37038869262,3992.35154252242,3932.95260978361,4002.28520326818,4126.95001436198,4242.11243787686,4274.82465914647,4443.19751865597,4629.81707824744,4756.08809456481,4917.37835308942,5019.68048521792,5131.9205503747,5154.72794070184,5286.41188729985,5350.57876115835,5535.06729507041,5729.26372094549,5897.51800387522,5987.55505508277,6148.13334521007,6192.61380076535,6182.09941430878,6191.6132577151,6418.22352454459,6370.61518180933,6428.36186072295,6546.01742011596,6558.28136725335
Netherlands Antilles,-,-,-,-,-,-,-,-,-,-,-,3294.8942046306,3432.09197816557,3511.4428222077,3577.09183337819,3625.71109884959,3627.02442936241,3576.80420228171,3620.12638878314,3666.80700771175,3692.69048419442,3657.81558052348,3711.1694594564,3701.01597522666,3384.2088006712,3116.62612137347,2441.73972483833,2720.42754193013,2748.38014023322,2931.82859883814,3194.63387503443,3229.78079309982,3453.71058634806,3697.39953520895,3867.70352604005,3972.28048302281,4110.28110853264,4059.04045044293,4252.77595548752,4198.13324871266,4150.47997944169,3911.62911236135,3893.20408106115,4079.79965406565,4140.55426679992,4233.38810136481,4100.2075441065,4193.67374883654,4113.22514744546
New Zealand,2395.29123270367,2536.99381282246,2684.77723975809,2983.20357290417,3160.35193580123,3412.97598848659,3576.39106249186,3629.48591536389,3771.97277999275,3952.29816030124,4137.51730697831,4553.38788995931,5132.53408214127,5323.95382815894,5315.50017002354,5656.92928346911,5928.03804601164,5968.40326076653,5983.76688356813,6010.78296756253,6156.96818762519,6303.22670266368,6647.82558048993,7084.58265450736,7307.11882033609,7348.99772289686,7650.01805156727,7769.17346313088,8006.35201976462,8164.84586573267,8273.2971504975,8509.71701790187,8184.91333384143,8551.89256821679,8577.53505355446,8730.4234896901,8721.60716337126,8864.31092324738,9063.64424050793,8789.38158435821,9152.74090375264,9159.98664123273,9205.51018836311,9096.34925355079,9427.26617669262,9399.37873764608,9448.87355193884,9380.97589491738,9245.31460932992
Nicaragua,-,-,-,-,-,-,-,-,-,-,-,268.902241439245,292.323286185217,263.897270333897,314.334622922381,321.589737037046,353.870361998818,378.601275034272,368.774895011972,294.581698612368,315.172174592498,320.600124356675,323.946515818667,347.107013055173,341.928842899317,330.461506438921,319.106986112609,335.252223673757,322.721015374831,297.447257222632,295.133176934566,281.849930428399,272.327907417211,257.502113866457,241.460878060271,248.529914627426,258.572558451778,268.402936324674,265.030682909912,274.889826533453,274.559692807993,276.652621565854,289.549681669247,280.810236327336,313.130131410759,325.578712191909,372.948967609188,385.595870990296,394.840723760532
Nigeria,-,-,-,-,-,-,-,-,-,-,-,30.2896159074278,34.4125399131765,36.9405144923834,34.0171849041466,47.7170502664019,53.718976781963,61.3685550843121,62.6087461028825,60.7928564376086,68.6335217274259,49.4897516612304,81.7514459597793,82.3289206060104,61.8171094455949,81.0348809589462,92.964664396771,91.639554480407,89.224081799833,99.361395006294,88.9434560390528,91.2168149250574,93.1894850452599,104.322116846659,97.5391366206431,93.4794836039444,87.4180362977172,83.2762611806837,78.2743594282803,76.8732134910759,76.0197244780927,77.1781796402439,107.132404114405,104.807130338779,127.551438330586,134.267917230921,115.810552047918,145.703704220457,133.930424684871
Norway,7586.72897843456,8294.7500304726,9269.53045670981,9530.86261707223,10413.2087878237,11265.867575144,11504.5421869189,12095.6185058765,13304.6269595858,13042.674427814,13258.2238755698,13850.9323580933,14281.7319280631,15347.8614749788,16071.8646120276,16074.2603684813,16664.5657590672,16217.2831800515,17000.2489681967,18485.7542890551,18316.5511672647,18977.7213124271,18911.5510815019,20062.5579299841,21437.6657637083,22018.8412344708,21630.4195607158,22264.8114507207,22384.6569641334,22346.1482789741,22825.3862535791,23235.341327108,23190.0630162163,23384.2737369793,23479.5536819075,23808.7343881227,23546.2322788539,23586.7993486578,24693.5851096325,24485.1976563934,24386.2336256789,24850.7968050106,24061.3936177226,22648.4101769329,23594.4931752999,24111.8968587478,23297.0126398341,23913.5018580677,24005.1882878881
Oman,-,-,-,-,-,-,-,-,-,-,-,12.4618424757723,25.3347566491768,44.363509876108,84.8190005597047,139.083484344974,230.057932799625,332.55265879767,364.648564714416,443.821105050134,574.641424445698,697.248536889765,835.630706937792,978.030148424026,1169.14293501817,1392.00138770116,1707.40562022297,1757.03345667998,1885.53035375482,1894.42860130798,2096.29068446576,2072.79383481938,2197.02364442922,2416.53026580569,2474.51328190238,2496.0685032948,2511.83259155433,2582.31340822855,2751.28414850961,2763.56605029504,2808.99644705176,2909.15211589666,2971.64698086798,2989.36107227145,3162.63539964143,2929.98152641456,3507.46454243062,3628.53872058915,4030.41012376716
Pakistan,-,-,-,-,-,-,-,-,-,-,-,79.0465536415479,76.9547673228892,86.3331179494801,91.7575187438847,95.4508942600983,92.8804379181099,95.8552876864654,107.01314906816,123.483056645506,121.438273761978,128.799204959033,138.858470407979,150.323431432647,162.823590853142,177.539901332069,192.740636078387,206.30809901094,231.394949996962,240.038013887216,251.244223718873,268.360997230118,303.990066580933,305.237061838295,315.766235873679,325.833036425399,324.803757171635,328.846513100883,311.520658405767,320.046054583955,332.047033790311,336.789111686841,343.31335230604,368.29107946826,385.298056482908,416.30458810767,438.621994364898,433.703222101447,407.481641254314
Panama,-,-,-,-,-,-,-,-,-,-,-,493.910085138079,538.335321309788,593.177587949572,575.019562383962,595.718907896461,638.71880311223,685.53066613327,677.259621443692,773.566733321044,752.517033367511,778.766313445631,822.716390717501,891.078916323447,857.140796709775,898.821162158354,926.35754406423,972.824201214125,898.083875683013,846.487121975441,858.999840613717,896.971636838633,930.148398569495,982.037974253592,1036.38725298649,1091.3601133076,1113.46124889663,1208.10279349548,1217.11834085661,1260.40300976716,1315.6961119369,1320.46189148729,1351.68723534083,1417.14880970396,1487.87219807796,1522.77302441348,1530.67716514708,1659.37111313924,1662.4644751272
Paraguay,-,-,-,-,-,-,-,-,-,-,-,79.0075684274979,85.7044402212001,101.424757673742,108.938866720333,112.635293267411,126.414862068186,151.476719336678,182.270942882437,210.660132355388,238.999720329829,263.801693460819,260.559558631539,266.311752197904,279.260566917591,291.468732587264,314.681775735834,361.829084793769,411.068019513717,420.086076640616,467.500051935102,495.438977675073,524.63251890913,596.116987013753,664.788576042195,733.636733948332,731.361769086413,758.558462807349,759.425497262425,785.85273299401,798.592939130958,785.437977698134,749.222564874345,715.065162583445,716.448820357633,746.839923350836,789.818377539628,837.090347640453,875.124862206549
Peru,-,-,-,-,-,-,-,-,-,-,-,396.731260364231,414.845309465628,418.045590684515,433.478449952891,442.392918924156,449.442637957686,478.319518847257,470.951828330724,480.954544917682,502.770459346812,529.078988113523,554.57861844735,519.887842165723,556.480715134207,550.362147232358,573.238773038653,594.979586970123,553.842926782061,510.493604192976,547.9930602517,576.278875334486,468.510071287472,518.302794182918,529.208128317063,539.172385352448,578.259113934191,597.52660424092,631.636080386947,644.439376880677,666.909297181856,691.888893223632,722.446318256388,744.052954487906,781.899414053105,814.344897095958,861.665937228459,938.206438506174,1006.94417279383
Philippines,-,-,-,-,-,-,-,-,-,-,-,208.657834386514,230.640467067176,285.206969636282,278.743753836989,279.704896889138,294.143801063537,288.583898021133,288.68567281508,309.115229389141,334.511303080935,292.722923394848,291.820966600042,313.434447250483,305.466719429351,315.602607574073,273.797150045055,287.199890139237,311.436389007196,328.821010649632,329.873111029987,325.144086157359,307.322773100481,309.160782159608,350.845537904995,370.841283410616,398.498900411014,430.509605083322,445.897749896812,437.033573306794,458.485826122643,481.113004511959,465.460706783033,504.936217541263,511.167280022331,514.084082978348,510.583398254565,527.207638936368,531.00005780013
Poland,675.319463348267,741.119994566854,801.374253423642,821.91100341979,881.047726720972,947.027993857661,1037.48163263649,1142.05132057892,1233.50529438084,1320.46318114072,1391.8141536002,1496.67805201141,1614.20498193907,1747.65996929417,1876.8412458026,2034.94221065882,2143.19111852244,2248.64791610379,2334.29258011779,2335.44112039021,2390.16430708222,2230.61387705257,2230.28932011398,2319.82441369924,2393.79410718593,2474.02592750747,2568.51615822463,2667.73252331501,2733.01455732773,2713.2768064813,2525.02143527518,2337.40027075366,2232.99096912417,2250.6278631454,2213.82958976967,2323.9806317211,2457.16983621108,2498.78387240219,2512.86820191474,2485.39907228501,2552.47419864002,2556.27511600162,2525.69817782727,2621.75477081966,2713.44304245324,2734.45247759841,2882.84950393868,2973.93163410551,3061.27481955131
Portugal,304.701444111235,336.892944459208,367.812707598838,396.477272727273,441.844384762949,461.367859040295,513.222523274196,542.226551686257,572.453147267431,627.338860308666,693.829119214524,763.391727889038,829.204628530341,911.042472384539,983.327665607861,985.397967716811,1038.3318613548,1162.00822552936,1256.36347458134,1375.83683580542,1467.26072531653,1468.57739313563,1555.30467714371,1637.91653629272,1686.2263338805,1783.04875968861,1873.48041178467,1960.75967528531,2095.30853895995,2221.57017123701,2373.17101442966,2507.35490612016,2584.45251458548,2607.05404745987,2688.54115724382,2862.1590231148,2993.53333561718,3145.37651326772,3310.77376362712,3513.09570266822,3713.37109409355,3845.68581345874,3975.56008141564,4119.46134501532,4245.09926839662,4384.76323965485,4504.26012576055,4607.12016233267,4529.46623695432
Qatar,-,-,-,-,-,-,-,-,-,-,-,2578.69075194185,3005.22998012049,2954.80385743527,3000.05738207332,3778.73589273948,4067.52010769353,4806.4454053253,6008.05389933245,8281.96071526211,9423.30532431495,10163.7434116648,11008.719223147,10374.2880187091,10368.2639539723,10822.6583477986,10902.917605523,10324.2878741912,9940.56463229322,9624.69760148571,9489.18066698928,8684.87482434181,9206.43435291718,9335.47780283228,9320.60157029424,8131.71712262412,8839.6671787474,8782.76430463814,9911.06751519625,10064.288133284,10325.8012338764,10938.6885297054,11709.557226968,12446.9804125074,13247.8113508432,14051.5247650486,16327.3898384723,18218.0844086774,19620.4957383687
Romania,-,-,-,-,-,-,-,-,-,-,-,1382.19660729065,1516.58391412369,1614.45257753862,1698.59234467558,1880.11272432993,2089.41971392118,2182.75948622157,2268.05582479746,2315.99798521802,2442.14362326388,2745.12414255021,2723.02644224382,2773.74954060691,2870.90094464239,2639.0116572411,2795.8527249813,2753.46999747117,2818.69385504269,2839.32819458393,2372.338535757,1998.90882146632,1816.96738438745,1601.75252974082,1504.2718319621,1602.29216541084,1756.00671694105,1703.53412824082,1625.59394228699,1509.26649272946,1511.90221184192,1618.53315964602,1588.68372940471,1675.92907289379,1734.78074863822,1740.52998890236,1837.03356756807,1839.70516683923,1879.83933824015
Russia,-,-,-,-,-,-,-,-,-,-,-,-,-,-,-,-,-,-,-,-,-,-,-,-,-,-,-,-,-,-,5587.32592655306,5471.71973664674,5097.59253957082,4756.97616801563,4280.3465816335,4164.72768058914,4053.95608985063,3984.29431477481,3914.22053205035,4022.02119685414,4147.9464064818,4233.32786372501,4256.65258898336,4373.48682738312,4484.47588575661,4532.76108295095,4769.45040468589,4924.2867568145,5115.39978309324
Saudi Arabia,-,-,-,-,-,-,-,-,-,-,-,306.538522587998,345.046521141844,407.457359671501,503.585022774458,536.404173872491,724.629733079542,579.915782791546,685.062582093677,1112.33145577812,1271.0353658672,1541.38680839328,1833.70196128328,2035.367549382,2428.62345343121,2536.60279877063,2789.84178287427,3056.14365777242,3186.91783324124,3199.31512838705,3420.75244130711,3595.75398138107,3788.45128104173,3980.3568623116,3903.82176505747,3862.26706288046,3829.03072733594,3909.03802252301,4171.93037012987,4267.5593427043,4276.05202934036,4501.74079481643,4589.3148917639,4949.32777085007,4933.83512551472,5111.18743910073,5392.36387364478,5677.7286035402,6039.84560862118
Senegal,-,-,-,-,-,-,-,-,-,-,-,66.9762088490659,68.2233776218778,73.8419259077802,73.2853814382038,76.1787135650674,80.0065719060037,84.0318845510853,88.8333962303091,92.7184497407298,92.2948117143801,95.3343796971631,86.0627676676291,93.9889999052396,98.1516959532552,92.6534858565081,90.1474184097062,92.328423098199,93.3711892131037,90.094308876474,92.0591076284526,91.1396146280489,97.3944886325338,92.9844522614866,98.5532256247406,97.961669312116,99.3647468405919,105.521546537429,109.778996961864,105.713827196854,90.6775356809035,110.635255809783,132.682120585238,114.041589250909,126.138289900618,145.159194491811,146.600360503577,170.236562596775,148.892258462001
Serbia,-,-,-,-,-,-,-,-,-,-,-,-,-,-,-,-,-,-,-,-,-,-,-,-,-,-,-,-,-,-,3461.05221313754,3174.36511386616,3015.48295677449,2267.76184646486,2319.86667080041,2477.22600619195,2612.98772148793,2679.41106906201,2697.70440433803,2532.28250510745,2698.37534201734,2841.93422632842,2873.96136441473,2775.78821630456,2814.8747962402,2533.91229500752,2589.43986431974,2613.1114231993,2683.608917609
Singapore,-,-,-,-,-,-,-,-,-,-,-,988.866496284727,1193.30154246423,1337.67803921569,1301.24772625348,1425.60792893132,1555.68048663498,1704.60299316217,1965.42849252209,2096.03486469478,2280.53801731638,2318.8184279363,2323.30812721141,2502.6229193649,2703.43849025461,2886.08202416309,3084.84142034254,3435.51589664461,3723.22488747993,3929.36649184922,4254.31819763053,4285.29160688118,4406.4156199347,4636.13668718455,4984.29976963103,5163.69864962434,5383.17779888484,5844.34332927703,6069.17526010826,6335.70792335108,6752.68110781115,6745.01544089308,6962.79652368302,7039.72662661792,7136.04847891301,7305.88899433313,7472.82288881716,7681.57810362334,7701.19371975885
Slovak Republic,-,-,-,-,-,-,-,-,-,-,-,2364.235382883,2482.0328978348,2655.10100614747,2755.45627389419,2733.00148550083,2864.77954772797,3000.04092544787,3049.34865485498,3347.84594919958,3831.37032975309,3851.3484833133,3837.62309869389,3916.7701465115,4005.15561352188,4170.1449199865,4256.11061614622,4373.4759635783,4469.11906482244,4614.09240481083,4449.91892245226,4138.30887551334,3833.88426457432,3799.06964433876,3802.92878331173,4053.62871563942,4370.44404162146,4243.74303595944,3895.70681135297,4216.49276586581,4076.41802707988,4339.9825743647,4207.74084981069,4244.3526759257,4430.90771442484,4207.80437617593,4349.38576855593,4511.6868502297,4540.35009670223
Slovenia,-,-,-,-,-,-,-,-,-,-,-,-,-,-,-,-,-,-,-,-,-,-,-,-,-,-,-,-,-,-,4642.23440018883,4436.45168743873,4237.93637486807,4252.42260963656,4609.94211998185,4665.74583825762,4731.28029932815,4897.45189430168,5018.78907324273,5156.54442831673,5233.82017023143,5441.56912935149,5812.14091793326,5989.83122920813,6238.34288603426,6337.0710915085,6549.79946248086,6602.67290449895,6379.55616122042
South Africa,-,-,-,-,-,-,-,-,-,-,-,1997.39606942816,2139.52301426189,2246.29369382272,2362.99361998914,2472.21110290921,2601.73279356999,2673.02738097537,2755.35078875477,2920.5262063012,3029.37220502354,3080.50363226046,2976.54447078389,2938.68583460159,3110.62739963608,3146.64297275782,3214.44017286355,3236.18126422233,3314.18379690578,3379.32500168235,3371.02378275545,3318.6395085011,3165.63068473429,3302.93286187606,3280.39570854989,3427.49372324458,3524.76636320887,3633.8040039916,3661.72864627374,3596.41162423607,3688.66078640732,3769.25687892626,3970.97392465552,4174.06654135578,4232.67343870329,4353.71533363509,4506.1208912348,4722.78758624176,4605.32500634048
Spain,449.14959723982,497.276029357336,557.291577932272,608.162295098345,675.717626068252,754.206754779588,854.554795509364,943.053758910694,1049.75973050697,1175.44544785147,1287.93940302946,1382.31991197792,1537.42942757402,1694.83902443617,1839.50431623071,1881.67580247577,2021.79466330044,2077.46161146025,2177.97602313598,2304.01593182196,2395.04098338791,2407.77303315426,2403.85664651132,2504.13242441906,2609.58161436395,2668.92179503059,2714.06715732711,2809.48267600724,2923.66714591054,3122.72160291227,3197.43799212666,3260.40373561842,3307.06439924633,3298.37198868556,3451.4059557777,3545.59432639957,3698.3500446653,3990.83831613259,4139.77242252996,4437.2822655311,4710.4293551385,5013.81121320213,5119.15583772743,5418.97664178449,5727.55841421144,6005.37481660928,6349.65015903572,6484.34937275687,6554.80059877922
Sri Lanka,-,-,-,-,-,-,-,-,-,-,-,57.0701289137956,63.6987191793824,65.9959782916837,66.7796889176745,70.9483828107414,72.6691074484023,74.817762280443,81.3595935340993,89.3077722417227,94.5125055863416,100.270412114446,109.363191833746,114.693996616144,118.617015119714,128.669228477484,137.388740223118,137.518425850169,141.707022694619,138.614451420666,151.717863005744,157.696375142646,165.833566269746,181.738323043975,198.481755606211,205.836041080692,200.849122841139,224.976453119222,242.304317154695,254.96806076925,282.92009985147,279.358944098851,291.213627897903,315.367341390798,339.822219006976,361.594154851268,386.723103869799,402.16796554403,397.350898956028
Sudan,-,-,-,-,-,-,-,-,-,-,-,24.8239690952079,26.2429568667411,31.0376869981848,36.0344558411712,37.2511900173816,37.8461110071084,38.7091319455041,40.2049019586256,39.111750878945,34.6264727765308,32.0336141158862,33.3441573505995,30.3491524340582,41.0850863179389,43.7953763901837,48.4963203212824,49.2283842568701,43.3510924609061,40.6453615965659,47.2906940926864,45.2974543440657,45.1412752658853,43.1653362281819,44.5479893175277,43.9437656359962,44.5982128725928,41.7976196994788,40.4198986446548,59.7726846389784,61.4138866300716,51.2836438802892,59.9995314138484,63.347441475819,63.7692589501392,75.260849111089,81.035278607641,86.6967591674722,91.3796979043263
Sweden,3913.59929522438,4277.8986802922,4535.57800292743,4651.3466436482,5097.27498559654,5427.63799880861,5532.13326114908,5922.5717917455,6396.19816038918,6811.57694422879,7091.2173454951,7461.77174597028,7897.59053262422,8506.74442967201,8528.52320183909,8748.77287042912,9391.265559192,9435.08634638802,9745.36949637847,10278.5373661503,10217.3824859307,10485.5307376914,10696.1254975821,11483.9587452461,12301.3462148167,13599.9125573801,13614.5757507482,14181.5435337793,14173.1961467123,14054.1504215909,13995.0298268246,14079.0708587983,13771.0104168351,13815.4726657273,13869.800318021,14033.5622405774,14172.6680516954,14091.8109642591,14204.9025911736,14209.4016132816,14427.8786324171,14800.9028161901,14624.5261969975,14432.762911321,14509.0876190688,14521.7515614144,14509.8599382738,14517.1428691648,14225.1656418535
Switzerland,2965.65867586721,3104.33226415094,3127.28360042358,3192.49024702021,3286.98529981315,3401.25152279993,3447.25148098732,3539.47914893617,3646.28569797782,3796.72320991629,3984.44134035424,4216.55023029836,4301.08336301434,4504.38922544286,4577.75883281734,4514.43781369564,4722.39135188802,4954.48564250912,5127.43700817741,5317.73401313842,5521.86074454025,5633.92679423231,5679.7921963796,5841.62562087828,6075.65997068158,6296.44819669184,6414.41633682619,6556.27468329799,6613.10235568857,6780.98862848227,6871.14580496286,6938.11301163114,6908.02130013993,6761.85356884344,6716.33958954421,6804.6728300517,6817.24643727691,6785.01609658703,6886.78801525251,7199.19065746102,7208.33959091334,7393.51333844054,7310.3044911697,7441.89362796067,7540.2111968983,7656.22734622538,7681.1413763066,7603.69498247506,7747.59824415157
Syria,-,-,-,-,-,-,-,-,-,-,-,167.965646093703,192.538290316977,176.766233309057,207.587873861175,234.009988203164,227.413983495115,222.920588873398,287.855825910383,309.234819868657,351.003070353705,403.784124253635,508.672709424181,588.173068448236,575.143337774007,602.743255351795,591.063584822347,574.602022067898,607.045689590696,655.693498861084,665.36334297895,662.202031388814,662.950000537103,650.237910516766,701.828635840022,688.959508952591,740.611776276384,767.526746208611,810.772412911913,857.544421687142,894.083684688856,964.617689437287,1042.1083779528,1090.01200418071,1155.56932240299,1229.0848063869,1281.65311282381,1298.56807650652,1348.3568047254
Taiwan,-,-,-,-,-,-,-,-,-,-,-,898.978933265123,1024.81073245642,1120.73896718115,1161.34907109743,1281.38425752137,1462.68986926245,1603.24866507368,1814.54135587485,1968.41914240668,2066.5607765885,2006.25518348853,2048.53910544019,2235.584393027,2373.22877411238,2447.30974331919,2713.67802572575,2954.70696103346,3259.9823208699,3525.40771091347,3780.70715865712,4137.13319042598,4384.28395085242,4729.80737633268,5018.14690082779,5300.6723279128,5597.93739049173,5948.00969919234,6370.1079282138,6608.01689502243,7226.26946567363,7283.6451413891,7667.37114181425,8018.83020218555,8395.06511474939,8687.44904601932,8929.81610895982,9178.54413342646,9015.63765977629
Tajikistan,-,-,-,-,-,-,-,-,-,-,-,-,-,-,-,-,-,-,-,-,-,-,-,-,-,-,-,-,-,-,3328.51148210436,3153.79839793324,2938.37901517205,2529.8202396359,2482.87481309445,2364.66187157823,2283.63467683087,1975.89111015608,2006.01454850566,2095.7465096067,2060.38509908501,2033.1442032225,2022.51809379979,2013.98415618746,2010.75728126539,2025.62982986264,2005.46554174638,1967.41193066956,1861.47007719712
Tanzania,-,-,-,-,-,-,-,-,-,-,-,29.7871940504888,31.4881454868575,33.0292531258996,33.2941927011857,33.8186099299951,34.5912123698048,34.6831294314829,34.0621479827476,36.4864381262309,36.5542023970005,37.570468658612,35.6336246701963,33.9137480526957,34.589250094652,36.3583699619505,40.7173718849539,41.1521143302071,44.6622658893717,47.088411827642,51.8832258302686,55.2831562463327,54.2467235970584,52.2390166865619,51.1351859241904,55.3536681696561,60.8653765085426,57.0378769903981,60.7402416721477,56.1108937511095,57.8659042202208,59.5708766149448,61.9297926369941,55.3913456557369,64.3295314861198,70.8383697312837,71.2632475579372,81.557135830333,84.6304102631831
Thailand,-,-,-,-,-,-,-,-,-,-,-,113.496454011543,131.808522082089,152.20261263491,156.592715606879,175.111945968963,196.953509799005,224.080740169182,249.440339701591,267.374000777675,277.046954090953,284.1352644323,303.963429779655,334.203465612567,363.901339021199,386.577183519186,418.802004455215,466.419992522445,526.383785819039,603.186604911915,694.803976221631,776.090894016888,870.238273198935,980.635148158334,1075.56527031432,1210.37897574679,1299.0064243191,1369.11967460443,1322.16452337196,1326.90089259194,1421.65640397752,1480.82999468592,1595.22717431573,1690.79384099081,1805.4623171293,1889.06867504129,1977.88722342378,2047.1148186496,2068.52281282277
Togo,-,-,-,-,-,-,-,-,-,-,-,69.6751978543901,67.1212453515961,60.8429991340938,78.5005744836381,81.2436389510838,76.274704455459,115.676228957862,130.778887200024,83.4605781703116,68.9258092791295,73.9628749712418,81.6854730004367,74.1403242014735,84.6279490617331,85.7797232808515,84.7673096215919,89.1017936355359,88.7405997784944,93.6435339848608,97.8830368410526,90.486839154663,99.2826412328258,75.6977391114846,85.8736497998864,107.443831614878,108.968001400696,109.719368000574,110.687637114046,117.642557555919,99.1337566099386,103.049918596956,100.070687819973,106.969575272303,111.335808285699,113.353922256537,112.298721394661,106.305477833421,108.747264098884
Trinidad and Tobago,-,-,-,-,-,-,-,-,-,-,-,607.427290831474,708.700870283911,822.661776264082,858.132020044928,843.307853268993,912.565845635744,1053.1159210363,1157.92391857338,1456.88909971511,1572.02025101947,1788.24670822155,2201.06447143206,2316.73306772908,2286.52116694164,2235.5747016555,2434.4701807775,2569.0072322166,2477.9324461445,2411.49186497076,2589.24775943524,2596.8744826684,2829.00256744073,2850.40612041586,2978.14598953419,3129.46623935202,3434.06751464048,3781.54007421134,3951.86888874353,4053.60078196157,4296.05379698159,4471.1019017003,4505.12722447705,5376.27881362599,5368.94981212057,5964.42821184932,5996.33923226895,6948.9549388231,7221.31629248992
Tunisia,-,-,-,-,-,-,-,-,-,-,-,145.863941130827,164.826278158962,180.452964157507,192.604109431998,200.773654681672,222.933868824469,254.497837740532,281.980423976603,330.926144622455,375.813597099446,395.486835852695,352.746202980711,389.872333229833,390.214048796511,476.836931559185,498.849835182532,521.907845409487,552.214822684687,572.31289400743,600.553540532506,613.993948436181,648.943497753218,672.437709040551,717.087996293372,733.249936055574,743.66230935551,781.689497316249,822.794106384572,910.738558190192,939.020179811071,993.624293693266,1020.18498194835,1055.67897131908,1100.27879874747,1105.7130540883,1154.60423739958,1190.25040486921,1255.94237117634
Turkey,75.9959119856377,80.1040448672779,93.1393375909888,101.790829074266,111.012386861637,122.77364032946,133.937820336389,146.264197846496,160.457346706295,179.534011409545,192.772719973739,213.92608040839,241.742259138671,257.789584629862,270.314506296607,314.491918267148,369.114183664678,404.963613248768,418.158840689077,425.922491715544,433.204129217384,458.152513207564,478.801122555613,486.894339553309,537.485942721534,561.825208204709,595.160691021518,664.002221351173,704.437510067637,749.875558759727,801.647256239463,823.350099986112,889.379055147322,958.517284269827,979.989443823856,1064.64791015324,1149.93206433168,1264.04943518352,1343.30449513872,1376.45225254468,1460.25749315745,1433.69626900003,1508.71925578729,1620.6831023745,1736.57609718176,1847.015832589,2008.4860447697,2147.57459314818,2217.83933460826
Turkmenistan,-,-,-,-,-,-,-,-,-,-,-,-,-,-,-,-,-,-,-,-,-,-,-,-,-,-,-,-,-,-,2293.47293098352,2215.44485465787,1431.7527434607,1547.65934438032,1254.57032789626,1218.89377322953,1121.28767383881,912.968641245632,1203.83283251621,1085.46404370845,1290.99242453082,1339.51398187887,1326.75809128799,1315.27013466947,1426.07590235914,1506.50658177845,1575.36303173558,1686.15982206515,1673.25051599967
Ukraine,-,-,-,-,-,-,-,-,-,-,-,-,-,-,-,-,-,-,-,-,-,-,-,-,-,-,-,-,-,-,3982.17621675914,3883.29352543589,3684.47419599978,3354.67362184274,2909.81783065061,2800.55620340592,2543.03968982448,2465.2279056356,2367.38330265779,2325.7248032296,2316.20245317666,2220.92904248265,2260.11414748622,2395.60764980452,2537.75846799809,2619.88583086517,2775.98096552199,2908.42385749356,2921.38784321245
United Arab Emirates,-,-,-,-,-,-,-,-,-,-,-,621.346239275898,1222.25222626923,1620.37865062593,1829.45492495951,2304.4078603673,2856.59153577705,3803.67778700898,4253.81150993405,4968.99524908375,5548.41752100651,5771.89836743745,6518.9352411115,6782.48900817491,6733.01742063354,6726.38708358516,6581.42178877882,6759.10920424098,7101.11111654785,7079.60815574233,7355.77266053992,7283.26190442882,7663.70020943384,8720.9069391175,9336.40441294894,9873.71968001764,10316.1975413846,11313.9221369617,13363.6883213408,15346.8981515048,15985.8041587014,15955.7845530144,17216.5854875063,17879.3760428329,18658.5028101184,21021.9432961456,22773.0322090834,25566.4981763937,26134.6366243257
United Kingdom,2095.84804704804,2224.21531122768,2430.01399572168,2637.24851207459,2748.98984867848,2936.75667194112,3025.15874531047,3098.61256354737,3315.93345057413,3532.39677430988,3684.31635066149,3746.03700001789,3862.88959931525,4147.21496424124,4031.83331139727,3995.09771271013,4062.55726826317,4141.10020078677,4214.42484768636,4386.93164117522,4161.91674823312,4077.50594780159,3990.01840833243,4036.29601411059,4077.4769419301,4249.91674072734,4370.70460449332,4499.13740535983,4641.01791574725,4717.82228783546,4774.14523676643,4874.62827764038,4864.99786637654,4931.89201804955,4884.089836485,5045.27058717372,5278.55242757754,5292.65758796561,5348.20589497343,5444.15617003737,5535.37692019088,5572.06664011866,5565.80673850474,5595.79813263903,5624.75573474266,5733.45486492822,5681.63315959885,5617.74563144234,5605.53909240352
United States,3808.71218956003,3931.22123566206,4171.48270057575,4402.56359581911,4670.20662987456,4910.74105906754,5266.51556776557,5531.61268569588,5994.92063017548,6484.38905253186,6572.50133214989,6935.0632951782,7419.82829668026,7869.61913717681,7806.42608648891,7851.99627972015,8254.40363473754,8567.50430495961,8776.70812570479,8882.25880189287,8896.12725166684,9026.19701717344,8660.28093590691,8849.57058149731,9333.54746976551,9449.64006798395,9453.57694049204,9788.93805873904,10173.8520917196,10372.6777783044,10530.6404608282,10940.8605542074,10805.8169480821,11041.2566855494,11223.9549517654,11414.1610137845,11601.4732967102,11632.9298325583,11886.0446403098,12067.8674619236,12396.7906585904,12127.7031895495,12301.6230550666,12290.1729012138,12358.6313939039,12568.1464588055,12476.8413915478,12706.6291915765,12553.9731019715
Uruguay,-,-,-,-,-,-,-,-,-,-,-,679.517714174099,679.741461997522,653.937310236176,652.993112215327,704.957368839243,745.20323518882,786.285329491356,854.974519769025,874.816791394261,946.108948710054,1006.09151162145,997.133747935424,1016.81170165883,1018.54491677026,1043.31221599125,1085.10822204772,1142.02007583855,1224.24329268054,1174.31110563493,1219.90922520726,1335.140751266,1344.04878349277,1443.04134586456,1475.80289802791,1554.97420401608,1607.31521671999,1711.39509224791,1791.27009336491,1876.41547783843,1932.42947691189,1917.6265724265,1832.87348966797,1766.04689606063,1843.68665085724,1896.75579053374,1932.49562637022,2066.50918231667,2242.40514814163
Uzbekistan,-,-,-,-,-,-,-,-,-,-,-,-,-,-,-,-,-,-,-,-,-,-,-,-,-,-,-,-,-,-,2081.82578872757,2034.17926538132,1863.48701523809,1782.14495118283,1701.33670485427,1659.59131329008,1657.89895712293,1650.53639771565,1618.01964996442,1578.88673629046,1606.63801393136,1576.14925487767,1590.87812082888,1568.19668360516,1559.93053574014,1511.52692533796,1538.29983842318,1453.67825460702,1441.72563608038
Venezuela,-,-,-,-,-,-,-,-,-,-,-,875.809412974335,941.410338227572,976.377333456094,1047.77905929712,1082.87843924416,1144.37202153154,1257.9685169018,1388.75358270265,1673.01472777965,1863.43157485599,2082.95886492743,1950.70356216846,2022.38316377895,2097.74823379627,2120.10391640328,2123.91565212493,2266.04643325233,2418.96338521886,2354.17967545222,2329.39634225159,2421.91542224613,2539.04913867925,2580.68207832566,2525.56091755311,2552.196651293,2564.66659826602,2591.19525271697,2586.30192932138,2523.18640017947,2581.2276451983,2664.83992388617,2679.82533935944,2611.33180561884,2779.32757006157,2807.01596486754,2939.92751230207,2866.41460334046,3007.26919469514
Vietnam,-,-,-,-,-,-,-,-,-,-,-,41.1406397607614,38.4348525789288,40.0846173261721,34.4394810531126,39.4036976273446,46.8088878505022,53.6176456864085,54.362313968399,53.3242500960774,50.2555276623552,50.9356452691733,53.1425193474404,54.0695754902379,61.4793182809855,64.3617673173219,67.5904804808529,73.2307013613095,78.2868591745942,86.490916345862,91.9718336528211,95.9241012835068,99.1017336851284,110.050184042968,128.009490959247,151.818636842154,178.50544110097,201.261756828453,229.960338623856,250.398260072176,283.416599281486,321.872627054088,371.698195485802,425.980293896858,480.193553327494,552.307237577436,638.018945684918,716.916627309712,789.270182753122
"Yemen, Rep.",-,-,-,-,-,-,-,-,-,-,-,28.8272761209827,29.0315272897871,27.1834623413863,30.9532703917295,32.3960372031144,36.8463871520555,37.72696778554,41.6691702244962,44.3604659081942,55.0876606685212,54.3220770557366,63.7953250998331,63.9188616076595,68.1500560352682,71.3605785542368,76.0975916272754,81.7485752281328,90.7758689038949,90.0349513014425,103.03012061778,107.685486112081,112.078843225354,113.08585575031,102.833769256152,108.436159555383,104.53815272311,109.582816715537,113.581343331911,114.48703068765,118.962738925326,124.150878123646,132.474830969918,141.421669724997,146.893828558262,158.951266756897,173.267919725536,183.89980110971,195.608718325473
Zambia,-,-,-,-,-,-,-,-,-,-,-,998.952506540236,1041.35086742541,1094.546448038,1151.38426323415,1125.16263483172,1146.0417422778,1082.32761116063,1048.18185000125,1028.20570174566,1022.68019257596,1061.27269646793,1040.11780197616,1016.99947313003,976.052083918974,929.737553501546,880.631465595194,867.957039252209,918.023312742619,768.939236114708,746.322721575523,717.546550050401,723.06082342033,723.253178471276,715.343251262449,697.203168765232,677.590065278846,630.728615814179,578.017837601964,583.69219448133,597.046778336529,619.552400449167,648.580536213792,673.132711436567,699.583260548773,710.760632741051,741.569085751099,686.908566167222,613.530976987932
Zimbabwe,-,-,-,-,-,-,-,-,-,-,-,621.660747614391,791.798039116997,820.547845374894,857.986726685227,933.815096888153,1000.1156452679,922.764875663701,871.563041442553,923.191868545572,968.379434887296,960.838658363062,958.06897221825,879.387193452311,875.377482130673,895.215043074032,900.959624197565,894.977252550828,889.173411062469,904.447161790493,884.435664058849,871.155652695432,794.306812003356,741.497892252842,786.32260828588,824.573036049702,872.208533637302,902.753166432674,880.155035466466,925.5545460414,893.166575371982,863.538209585879,865.367283097402,863.82611430841,837.404450495645,998.717495305812,992.349341188325,1004.55544217137,999.863377943167
